n,m,prob,eps,time,success,heavy_ranges,tries,red_points,blue_points,k,ratios,counts
512,512,0.9,0.2,4.918128252029375e-05,True,38,-10,348,359,2,"[0.5, 0.5]","[348, 359]"
512,512,0.9,0.2,4.28929924964875e-05,True,36,-9,414,284,2,"[0.6, 0.4]","[414, 284]"
512,512,0.9,0.2,4.1373074054715626e-05,True,36,-10,484,204,2,"[0.7, 0.3]","[484, 204]"
512,512,0.9,0.2,4.160404205322188e-05,True,41,-9,552,136,2,"[0.8, 0.2]","[552, 136]"
512,512,0.9,0.2,4.8980116844175e-05,True,44,-10,174,179,4,"[0.25, 0.25, 0.25, 0.25]","[174, 179, 173, 170]"
512,512,0.9,0.2,6.143748760223124e-05,True,43,-9,92,85,8,"[0.125, 0.125, 0.125, 0.125, 0.125, 0.125, 0.125, 0.125]","[92, 85, 85, 92, 82, 92, 83, 89]"
512,512,0.9,0.2,8.3014369010925e-05,True,42,-7,41,43,16,"[0.0625, 0.0625, 0.0625, 0.0625, 0.0625, 0.0625, 0.0625, 0.0625, 0.0625, 0.0625, 0.0625, 0.0625, 0.0625, 0.0625, 0.0625, 0.0625]","[41, 43, 39, 47, 48, 44, 48, 45, 40, 37, 42, 39, 43, 45, 38, 45]"
512,512,0.9,0.3,3.208220005035312e-05,True,16,-10,229,229,2,"[0.5, 0.5]","[229, 229]"
512,512,0.9,0.3,3.1538307666778124e-05,True,14,-10,275,183,2,"[0.6, 0.4]","[275, 183]"
512,512,0.9,0.3,2.9161572456359375e-05,True,18,-10,321,137,2,"[0.7, 0.3]","[321, 137]"
512,512,0.9,0.3,3.1068921089171875e-05,True,13,-10,367,91,2,"[0.8, 0.2]","[367, 91]"
512,512,0.9,0.3,3.76924872398375e-05,True,16,-10,114,114,4,"[0.25, 0.25, 0.25, 0.25]","[114, 114, 114, 114]"
512,512,0.9,0.3,5.000829696655e-05,True,25,-10,73,75,8,"[0.125, 0.125, 0.125, 0.125, 0.125, 0.125, 0.125, 0.125]","[73, 75, 71, 75, 71, 75, 71, 74]"
512,512,0.9,0.3,6.97523355484e-05,True,11,-10,38,40,16,"[0.0625, 0.0625, 0.0625, 0.0625, 0.0625, 0.0625, 0.0625, 0.0625, 0.0625, 0.0625, 0.0625, 0.0625, 0.0625, 0.0625, 0.0625, 0.0625]","[38, 40, 38, 38, 39, 36, 33, 37, 39, 34, 40, 37, 40, 37, 32, 37]"
512,512,0.9,0.4,2.559274435043125e-05,True,7,-10,159,159,2,"[0.5, 0.5]","[159, 159]"
512,512,0.9,0.4,2.5480985641478123e-05,True,10,-10,191,127,2,"[0.6, 0.4]","[191, 127]"
512,512,0.9,0.4,2.5875866413115625e-05,True,7,-10,223,95,2,"[0.7, 0.3]","[223, 95]"
512,512,0.9,0.4,2.5071203708646876e-05,True,7,-10,255,63,2,"[0.8, 0.2]","[255, 63]"
512,512,0.9,0.4,3.07857990264875e-05,True,10,-10,79,79,4,"[0.25, 0.25, 0.25, 0.25]","[79, 79, 79, 79]"
512,512,0.9,0.4,4.161149263381875e-05,True,6,-10,53,53,8,"[0.125, 0.125, 0.125, 0.125, 0.125, 0.125, 0.125, 0.125]","[53, 53, 53, 53, 53, 53, 53, 53]"
512,512,0.9,0.4,5.987286567687813e-05,True,9,-10,32,33,16,"[0.0625, 0.0625, 0.0625, 0.0625, 0.0625, 0.0625, 0.0625, 0.0625, 0.0625, 0.0625, 0.0625, 0.0625, 0.0625, 0.0625, 0.0625, 0.0625]","[32, 33, 33, 33, 33, 33, 32, 32, 33, 33, 33, 32, 33, 33, 33, 32]"
512,512,0.9,0.5,2.1487474441528124e-05,True,2,-10,120,120,2,"[0.5, 0.5]","[120, 120]"
512,512,0.9,0.5,2.1152198314665627e-05,True,2,-10,144,95,2,"[0.6, 0.4]","[144, 95]"
512,512,0.9,0.5,2.1390616893765624e-05,True,3,-10,168,71,2,"[0.7, 0.3]","[168, 71]"
512,512,0.9,0.5,2.0436942577359374e-05,True,1,-10,192,47,2,"[0.8, 0.2]","[192, 47]"
512,512,0.9,0.5,2.5235116481778126e-05,True,1,-10,60,60,4,"[0.25, 0.25, 0.25, 0.25]","[60, 60, 60, 60]"
512,512,0.9,0.5,3.639608621597188e-05,True,3,-10,40,40,8,"[0.125, 0.125, 0.125, 0.125, 0.125, 0.125, 0.125, 0.125]","[40, 40, 40, 40, 40, 40, 40, 40]"
512,512,0.9,0.5,5.305558443069375e-05,True,3,-10,25,25,16,"[0.0625, 0.0625, 0.0625, 0.0625, 0.0625, 0.0625, 0.0625, 0.0625, 0.0625, 0.0625, 0.0625, 0.0625, 0.0625, 0.0625, 0.0625, 0.0625]","[25, 25, 25, 25, 25, 25, 25, 25, 25, 25, 25, 25, 25, 25, 25, 25]"
512,512,0.9,0.6,1.8201768398284373e-05,True,0,-10,95,95,2,"[0.5, 0.5]","[95, 95]"
512,512,0.9,0.6,1.7978250980375e-05,True,1,-10,114,76,2,"[0.6, 0.4]","[114, 76]"
512,512,0.9,0.6,1.832842826843125e-05,True,1,-10,133,57,2,"[0.7, 0.3]","[133, 57]"
512,512,0.9,0.6,1.7762184143065624e-05,True,1,-10,152,38,2,"[0.8, 0.2]","[152, 38]"
512,512,0.9,0.6,2.21282243728625e-05,True,0,-10,47,47,4,"[0.25, 0.25, 0.25, 0.25]","[47, 47, 47, 47]"
512,512,0.9,0.6,2.989172935485625e-05,True,0,-10,31,31,8,"[0.125, 0.125, 0.125, 0.125, 0.125, 0.125, 0.125, 0.125]","[31, 31, 31, 31, 31, 31, 31, 31]"
512,512,0.9,0.6,4.75570559501625e-05,True,0,-10,19,19,16,"[0.0625, 0.0625, 0.0625, 0.0625, 0.0625, 0.0625, 0.0625, 0.0625, 0.0625, 0.0625, 0.0625, 0.0625, 0.0625, 0.0625, 0.0625, 0.0625]","[19, 19, 19, 19, 19, 19, 19, 19, 19, 19, 19, 19, 19, 19, 19, 19]"
512,1024,0.9,0.2,4.427880048751563e-05,True,85,-10,349,358,2,"[0.5, 0.5]","[349, 358]"
512,1024,0.9,0.2,4.20510768890375e-05,True,90,-10,411,277,2,"[0.6, 0.4]","[411, 277]"
512,1024,0.9,0.2,4.287809133529375e-05,True,75,-10,494,212,2,"[0.7, 0.3]","[494, 212]"
512,1024,0.9,0.2,3.976374864578125e-05,True,81,-10,557,138,2,"[0.8, 0.2]","[557, 138]"
512,1024,0.9,0.2,4.944950342178125e-05,True,93,-5,178,173,4,"[0.25, 0.25, 0.25, 0.25]","[178, 173, 173, 169]"
512,1024,0.9,0.2,6.18472695350625e-05,True,87,-10,88,88,8,"[0.125, 0.125, 0.125, 0.125, 0.125, 0.125, 0.125, 0.125]","[88, 88, 85, 89, 94, 88, 84, 84]"
512,1024,0.9,0.2,8.396059274673438e-05,True,74,-8,40,44,16,"[0.0625, 0.0625, 0.0625, 0.0625, 0.0625, 0.0625, 0.0625, 0.0625, 0.0625, 0.0625, 0.0625, 0.0625, 0.0625, 0.0625, 0.0625, 0.0625]","[40, 44, 45, 47, 42, 42, 44, 45, 41, 43, 44, 48, 37, 43, 41, 42]"
512,1024,0.9,0.3,3.140419721603125e-05,True,40,-10,229,229,2,"[0.5, 0.5]","[229, 229]"
512,1024,0.9,0.3,3.164261579513437e-05,True,43,-10,275,183,2,"[0.6, 0.4]","[275, 183]"
512,1024,0.9,0.3,3.123283386230312e-05,True,49,-10,321,137,2,"[0.7, 0.3]","[321, 137]"
512,1024,0.9,0.3,3.13296914100625e-05,True,34,-10,367,91,2,"[0.8, 0.2]","[367, 91]"
512,1024,0.9,0.3,3.765523433685e-05,True,27,-10,114,114,4,"[0.25, 0.25, 0.25, 0.25]","[114, 114, 114, 114]"
512,1024,0.9,0.3,5.012750625610312e-05,True,30,-10,76,73,8,"[0.125, 0.125, 0.125, 0.125, 0.125, 0.125, 0.125, 0.125]","[76, 73, 71, 68, 74, 70, 75, 76]"
512,1024,0.9,0.3,6.909668445586875e-05,True,21,-10,37,34,16,"[0.0625, 0.0625, 0.0625, 0.0625, 0.0625, 0.0625, 0.0625, 0.0625, 0.0625, 0.0625, 0.0625, 0.0625, 0.0625, 0.0625, 0.0625, 0.0625]","[37, 34, 38, 34, 40, 38, 36, 40, 39, 39, 35, 37, 37, 34, 35, 35]"
512,1024,0.9,0.4,2.5831162929534373e-05,True,11,-10,159,159,2,"[0.5, 0.5]","[159, 159]"
512,1024,0.9,0.4,2.629309892654375e-05,True,17,-10,191,127,2,"[0.6, 0.4]","[191, 127]"
512,1024,0.9,0.4,2.51829624176e-05,True,17,-10,223,95,2,"[0.7, 0.3]","[223, 95]"
512,1024,0.9,0.4,2.4996697902678125e-05,True,20,-10,255,63,2,"[0.8, 0.2]","[255, 63]"
512,1024,0.9,0.4,2.8125941753384375e-05,True,12,-10,79,79,4,"[0.25, 0.25, 0.25, 0.25]","[79, 79, 79, 79]"
512,1024,0.9,0.4,3.952533006667812e-05,True,18,-10,53,53,8,"[0.125, 0.125, 0.125, 0.125, 0.125, 0.125, 0.125, 0.125]","[53, 53, 53, 53, 53, 53, 53, 53]"
512,1024,0.9,0.4,6.2547624111175e-05,True,16,-10,33,33,16,"[0.0625, 0.0625, 0.0625, 0.0625, 0.0625, 0.0625, 0.0625, 0.0625, 0.0625, 0.0625, 0.0625, 0.0625, 0.0625, 0.0625, 0.0625, 0.0625]","[33, 33, 33, 33, 33, 33, 32, 33, 33, 33, 33, 32, 33, 33, 33, 33]"
512,1024,0.9,0.5,2.1971762180328125e-05,True,10,-10,120,120,2,"[0.5, 0.5]","[120, 120]"
512,1024,0.9,0.5,2.1636486053465625e-05,True,3,-10,144,95,2,"[0.6, 0.4]","[144, 95]"
512,1024,0.9,0.5,1.9423663616178126e-05,True,2,-10,168,71,2,"[0.7, 0.3]","[168, 71]"
512,1024,0.9,0.5,2.1047890186309374e-05,True,7,-10,192,47,2,"[0.8, 0.2]","[192, 47]"
512,1024,0.9,0.5,2.6039779186246875e-05,True,3,-10,60,60,4,"[0.25, 0.25, 0.25, 0.25]","[60, 60, 60, 60]"
512,1024,0.9,0.5,3.306567668914687e-05,True,6,-10,40,40,8,"[0.125, 0.125, 0.125, 0.125, 0.125, 0.125, 0.125, 0.125]","[40, 40, 40, 40, 40, 40, 40, 40]"
512,1024,0.9,0.5,5.314499139785625e-05,True,4,-10,25,25,16,"[0.0625, 0.0625, 0.0625, 0.0625, 0.0625, 0.0625, 0.0625, 0.0625, 0.0625, 0.0625, 0.0625, 0.0625, 0.0625, 0.0625, 0.0625, 0.0625]","[25, 25, 25, 25, 25, 25, 25, 25, 25, 25, 25, 25, 25, 25, 25, 25]"
512,1024,0.9,0.6,1.8246471881865625e-05,True,4,-10,95,95,2,"[0.5, 0.5]","[95, 95]"
512,1024,0.9,0.6,1.8425285816190625e-05,True,0,-10,114,76,2,"[0.6, 0.4]","[114, 76]"
512,1024,0.9,0.6,1.790374517440625e-05,True,2,-10,133,57,2,"[0.7, 0.3]","[133, 57]"
512,1024,0.9,0.6,1.80676579475375e-05,True,2,-10,152,38,2,"[0.8, 0.2]","[152, 38]"
512,1024,0.9,0.6,2.22474336624125e-05,True,4,-10,47,47,4,"[0.25, 0.25, 0.25, 0.25]","[47, 47, 47, 47]"
512,1024,0.9,0.6,2.9750168323515626e-05,True,3,-10,31,31,8,"[0.125, 0.125, 0.125, 0.125, 0.125, 0.125, 0.125, 0.125]","[31, 31, 31, 31, 31, 31, 31, 31]"
512,1024,0.9,0.6,4.7892332077025e-05,True,2,-10,19,19,16,"[0.0625, 0.0625, 0.0625, 0.0625, 0.0625, 0.0625, 0.0625, 0.0625, 0.0625, 0.0625, 0.0625, 0.0625, 0.0625, 0.0625, 0.0625, 0.0625]","[19, 19, 19, 19, 19, 19, 19, 19, 19, 19, 19, 19, 19, 19, 19, 19]"
512,2048,0.9,0.2,4.003942012786562e-05,True,157,-6,347,355,2,"[0.5, 0.5]","[347, 355]"
512,2048,0.9,0.2,4.2147934436796876e-05,True,197,-10,405,278,2,"[0.6, 0.4]","[405, 278]"
512,2048,0.9,0.2,4.28631901741e-05,True,161,-10,489,212,2,"[0.7, 0.3]","[489, 212]"
512,2048,0.9,0.2,4.161894321441562e-05,True,144,-10,553,134,2,"[0.8, 0.2]","[553, 134]"
512,2048,0.9,0.2,4.999339580535625e-05,True,169,4,169,177,4,"[0.25, 0.25, 0.25, 0.25]","[169, 177, 177, 180]"
512,2048,0.9,0.2,6.226450204849063e-05,True,163,-10,90,90,8,"[0.125, 0.125, 0.125, 0.125, 0.125, 0.125, 0.125, 0.125]","[90, 90, 82, 90, 82, 82, 89, 87]"
512,2048,0.9,0.2,8.595734834670938e-05,True,149,-5,49,40,16,"[0.0625, 0.0625, 0.0625, 0.0625, 0.0625, 0.0625, 0.0625, 0.0625, 0.0625, 0.0625, 0.0625, 0.0625, 0.0625, 0.0625, 0.0625, 0.0625]","[49, 40, 40, 46, 48, 42, 40, 39, 46, 45, 40, 49, 40, 43, 41, 41]"
512,2048,0.9,0.3,3.180652856826563e-05,True,60,-10,229,229,2,"[0.5, 0.5]","[229, 229]"
512,2048,0.9,0.3,3.2462179660796875e-05,True,69,-10,275,183,2,"[0.6, 0.4]","[275, 183]"
512,2048,0.9,0.3,3.2052397727965624e-05,True,80,-10,321,137,2,"[0.7, 0.3]","[321, 137]"
512,2048,0.9,0.3,3.214180469512813e-05,True,60,-10,367,91,2,"[0.8, 0.2]","[367, 91]"
512,2048,0.9,0.3,3.790855407714687e-05,True,60,-10,114,114,4,"[0.25, 0.25, 0.25, 0.25]","[114, 114, 114, 114]"
512,2048,0.9,0.3,5.02839684486375e-05,True,64,-9,75,71,8,"[0.125, 0.125, 0.125, 0.125, 0.125, 0.125, 0.125, 0.125]","[75, 71, 70, 74, 76, 74, 71, 67]"
512,2048,0.9,0.3,6.998330354690312e-05,True,82,-10,36,36,16,"[0.0625, 0.0625, 0.0625, 0.0625, 0.0625, 0.0625, 0.0625, 0.0625, 0.0625, 0.0625, 0.0625, 0.0625, 0.0625, 0.0625, 0.0625, 0.0625]","[36, 36, 41, 34, 33, 34, 36, 38, 39, 38, 35, 37, 36, 42, 36, 36]"
512,2048,0.9,0.4,2.6673078536984374e-05,True,35,-10,159,159,2,"[0.5, 0.5]","[159, 159]"
512,2048,0.9,0.4,2.5302171707153124e-05,True,27,-10,191,127,2,"[0.6, 0.4]","[191, 127]"
512,2048,0.9,0.4,2.59429216384875e-05,True,23,-10,223,95,2,"[0.7, 0.3]","[223, 95]"
512,2048,0.9,0.4,2.3767352104184376e-05,True,29,-10,255,63,2,"[0.8, 0.2]","[255, 63]"
512,2048,0.9,0.4,3.145635128020937e-05,True,23,-10,79,79,4,"[0.25, 0.25, 0.25, 0.25]","[79, 79, 79, 79]"
512,2048,0.9,0.4,3.904104232787812e-05,True,36,-10,53,53,8,"[0.125, 0.125, 0.125, 0.125, 0.125, 0.125, 0.125, 0.125]","[53, 53, 53, 53, 53, 53, 53, 53]"
512,2048,0.9,0.4,6.139278411865e-05,True,25,-10,33,33,16,"[0.0625, 0.0625, 0.0625, 0.0625, 0.0625, 0.0625, 0.0625, 0.0625, 0.0625, 0.0625, 0.0625, 0.0625, 0.0625, 0.0625, 0.0625, 0.0625]","[33, 33, 33, 33, 33, 32, 33, 33, 33, 33, 33, 32, 33, 33, 33, 33]"
512,2048,0.9,0.5,2.1733343601225e-05,True,12,-10,120,120,2,"[0.5, 0.5]","[120, 120]"
512,2048,0.9,0.5,2.183765172958125e-05,True,9,-10,144,95,2,"[0.6, 0.4]","[144, 95]"
512,2048,0.9,0.5,2.13086605072e-05,True,9,-10,168,71,2,"[0.7, 0.3]","[168, 71]"
512,2048,0.9,0.5,2.1062791347503123e-05,True,14,-10,192,47,2,"[0.8, 0.2]","[192, 47]"
512,2048,0.9,0.5,2.619624137878125e-05,True,11,-10,60,60,4,"[0.25, 0.25, 0.25, 0.25]","[60, 60, 60, 60]"
512,2048,0.9,0.5,3.6045908927915624e-05,True,16,-10,40,40,8,"[0.125, 0.125, 0.125, 0.125, 0.125, 0.125, 0.125, 0.125]","[40, 40, 40, 40, 40, 40, 40, 40]"
512,2048,0.9,0.5,4.9583613872525e-05,True,7,-10,25,25,16,"[0.0625, 0.0625, 0.0625, 0.0625, 0.0625, 0.0625, 0.0625, 0.0625, 0.0625, 0.0625, 0.0625, 0.0625, 0.0625, 0.0625, 0.0625, 0.0625]","[25, 25, 25, 25, 25, 25, 25, 25, 25, 25, 25, 25, 25, 25, 25, 25]"
512,2048,0.9,0.6,1.8820166587828126e-05,True,3,-10,95,95,2,"[0.5, 0.5]","[95, 95]"
512,2048,0.9,0.6,1.8805265426634373e-05,True,2,-10,114,76,2,"[0.6, 0.4]","[114, 76]"
512,2048,0.9,0.6,1.7307698726653124e-05,True,3,-10,133,57,2,"[0.7, 0.3]","[133, 57]"
512,2048,0.9,0.6,1.8320977687834375e-05,True,3,-10,152,38,2,"[0.8, 0.2]","[152, 38]"
512,2048,0.9,0.6,2.312660217285e-05,True,1,-10,47,47,4,"[0.25, 0.25, 0.25, 0.25]","[47, 47, 47, 47]"
512,2048,0.9,0.6,3.1903386116025e-05,True,8,-10,31,31,8,"[0.125, 0.125, 0.125, 0.125, 0.125, 0.125, 0.125, 0.125]","[31, 31, 31, 31, 31, 31, 31, 31]"
512,2048,0.9,0.6,4.553794860839687e-05,True,2,-10,19,19,16,"[0.0625, 0.0625, 0.0625, 0.0625, 0.0625, 0.0625, 0.0625, 0.0625, 0.0625, 0.0625, 0.0625, 0.0625, 0.0625, 0.0625, 0.0625, 0.0625]","[19, 19, 19, 19, 19, 19, 19, 19, 19, 19, 19, 19, 19, 19, 19, 19]"
512,4096,0.9,0.2,4.3101608753203126e-05,True,362,-10,348,343,2,"[0.5, 0.5]","[348, 343]"
512,4096,0.9,0.2,4.41074371337875e-05,True,315,-10,419,281,2,"[0.6, 0.4]","[419, 281]"
512,4096,0.9,0.2,4.439800977706875e-05,True,310,-10,491,215,2,"[0.7, 0.3]","[491, 215]"
512,4096,0.9,0.2,4.347413778305e-05,True,353,-7,559,135,2,"[0.8, 0.2]","[559, 135]"
512,4096,0.9,0.2,5.0678849220275e-05,True,352,-9,172,178,4,"[0.25, 0.25, 0.25, 0.25]","[172, 178, 168, 175]"
512,4096,0.9,0.2,6.201118230819687e-05,True,320,-10,86,90,8,"[0.125, 0.125, 0.125, 0.125, 0.125, 0.125, 0.125, 0.125]","[86, 90, 88, 85, 90, 90, 85, 86]"
512,4096,0.9,0.2,8.653849363326875e-05,True,318,-6,49,48,16,"[0.0625, 0.0625, 0.0625, 0.0625, 0.0625, 0.0625, 0.0625, 0.0625, 0.0625, 0.0625, 0.0625, 0.0625, 0.0625, 0.0625, 0.0625, 0.0625]","[49, 48, 47, 40, 43, 40, 50, 40, 40, 40, 43, 39, 40, 45, 47, 41]"
512,4096,0.9,0.3,3.378093242645e-05,True,129,-10,229,229,2,"[0.5, 0.5]","[229, 229]"
512,4096,0.9,0.3,3.3490359783171876e-05,True,134,-10,275,183,2,"[0.6, 0.4]","[275, 183]"
512,4096,0.9,0.3,3.3080577850340625e-05,True,141,-10,321,137,2,"[0.7, 0.3]","[321, 137]"
512,4096,0.9,0.3,3.244727849960312e-05,True,166,-10,367,91,2,"[0.8, 0.2]","[367, 91]"
512,4096,0.9,0.3,3.893673419952187e-05,True,125,-10,114,114,4,"[0.25, 0.25, 0.25, 0.25]","[114, 114, 114, 114]"
512,4096,0.9,0.3,5.023181438445937e-05,True,128,-10,72,76,8,"[0.125, 0.125, 0.125, 0.125, 0.125, 0.125, 0.125, 0.125]","[72, 76, 76, 70, 69, 74, 76, 69]"
512,4096,0.9,0.3,7.070600986480625e-05,True,142,-10,36,34,16,"[0.0625, 0.0625, 0.0625, 0.0625, 0.0625, 0.0625, 0.0625, 0.0625, 0.0625, 0.0625, 0.0625, 0.0625, 0.0625, 0.0625, 0.0625, 0.0625]","[36, 34, 39, 40, 38, 38, 38, 35, 38, 38, 41, 40, 35, 39, 35, 35]"
512,4096,0.9,0.4,2.674758434295625e-05,True,66,-10,159,159,2,"[0.5, 0.5]","[159, 159]"
512,4096,0.9,0.4,2.698600292205625e-05,True,68,-10,191,127,2,"[0.6, 0.4]","[191, 127]"
512,4096,0.9,0.4,2.595782279968125e-05,True,59,-10,223,95,2,"[0.7, 0.3]","[223, 95]"
512,4096,0.9,0.4,2.547353506088125e-05,True,68,-10,255,63,2,"[0.8, 0.2]","[255, 63]"
512,4096,0.9,0.4,3.1732022762296876e-05,True,44,-10,79,79,4,"[0.25, 0.25, 0.25, 0.25]","[79, 79, 79, 79]"
512,4096,0.9,0.4,4.329532384872188e-05,True,62,-10,53,53,8,"[0.125, 0.125, 0.125, 0.125, 0.125, 0.125, 0.125, 0.125]","[53, 53, 53, 53, 53, 53, 53, 53]"
512,4096,0.9,0.4,6.213039159774688e-05,True,75,-10,33,33,16,"[0.0625, 0.0625, 0.0625, 0.0625, 0.0625, 0.0625, 0.0625, 0.0625, 0.0625, 0.0625, 0.0625, 0.0625, 0.0625, 0.0625, 0.0625, 0.0625]","[33, 33, 33, 33, 33, 33, 33, 33, 33, 33, 33, 33, 33, 33, 33, 32]"
512,4096,0.9,0.5,2.2165477275846874e-05,True,22,-10,120,120,2,"[0.5, 0.5]","[120, 120]"
512,4096,0.9,0.5,2.1956861019134376e-05,True,24,-10,144,95,2,"[0.6, 0.4]","[144, 95]"
512,4096,0.9,0.5,2.199411392211875e-05,True,30,-10,168,71,2,"[0.7, 0.3]","[168, 71]"
512,4096,0.9,0.5,2.177804708480625e-05,True,26,-10,192,47,2,"[0.8, 0.2]","[192, 47]"
512,4096,0.9,0.5,2.7425587177275e-05,True,14,-10,60,60,4,"[0.25, 0.25, 0.25, 0.25]","[60, 60, 60, 60]"
512,4096,0.9,0.5,3.75658273696875e-05,True,27,-10,40,40,8,"[0.125, 0.125, 0.125, 0.125, 0.125, 0.125, 0.125, 0.125]","[40, 40, 40, 40, 40, 40, 40, 40]"
512,4096,0.9,0.5,5.509704351425e-05,True,24,-10,25,25,16,"[0.0625, 0.0625, 0.0625, 0.0625, 0.0625, 0.0625, 0.0625, 0.0625, 0.0625, 0.0625, 0.0625, 0.0625, 0.0625, 0.0625, 0.0625, 0.0625]","[25, 25, 25, 25, 25, 25, 25, 25, 25, 25, 25, 25, 25, 25, 25, 25]"
512,4096,0.9,0.6,1.9013881683346875e-05,True,11,-10,95,95,2,"[0.5, 0.5]","[95, 95]"
512,4096,0.9,0.6,1.9043684005734374e-05,True,10,-10,114,76,2,"[0.6, 0.4]","[114, 76]"
512,4096,0.9,0.6,1.9468367099759374e-05,True,5,-10,133,57,2,"[0.7, 0.3]","[133, 57]"
512,4096,0.9,0.6,1.9259750843046876e-05,True,5,-10,152,38,2,"[0.8, 0.2]","[152, 38]"
512,4096,0.9,0.6,2.390146255493125e-05,True,3,-10,47,47,4,"[0.25, 0.25, 0.25, 0.25]","[47, 47, 47, 47]"
512,4096,0.9,0.6,3.233551979064687e-05,True,4,-10,31,31,8,"[0.125, 0.125, 0.125, 0.125, 0.125, 0.125, 0.125, 0.125]","[31, 31, 31, 31, 31, 31, 31, 31]"
512,4096,0.9,0.6,4.817545413970938e-05,True,4,-10,19,19,16,"[0.0625, 0.0625, 0.0625, 0.0625, 0.0625, 0.0625, 0.0625, 0.0625, 0.0625, 0.0625, 0.0625, 0.0625, 0.0625, 0.0625, 0.0625, 0.0625]","[19, 19, 19, 19, 19, 19, 19, 19, 19, 19, 19, 19, 19, 19, 19, 19]"
1024,512,0.9,0.2,9.410083293914688e-05,True,53,-10,379,379,2,"[0.5, 0.5]","[379, 379]"
1024,512,0.9,0.2,9.477883577346562e-05,True,35,-10,455,303,2,"[0.6, 0.4]","[455, 303]"
1024,512,0.9,0.2,9.043514728545938e-05,True,53,-10,531,227,2,"[0.7, 0.3]","[531, 227]"
1024,512,0.9,0.2,9.060651063919062e-05,True,54,-10,607,151,2,"[0.8, 0.2]","[607, 151]"
1024,512,0.9,0.2,0.00010354071855545,True,39,-10,189,189,4,"[0.25, 0.25, 0.25, 0.25]","[189, 189, 189, 189]"
1024,512,0.9,0.2,0.00013580173254012812,True,50,-10,126,126,8,"[0.125, 0.125, 0.125, 0.125, 0.125, 0.125, 0.125, 0.125]","[126, 126, 126, 126, 126, 126, 126, 126]"
1024,512,0.9,0.2,0.0001705363392829875,True,46,-10,72,71,16,"[0.0625, 0.0625, 0.0625, 0.0625, 0.0625, 0.0625, 0.0625, 0.0625, 0.0625, 0.0625, 0.0625, 0.0625, 0.0625, 0.0625, 0.0625, 0.0625]","[72, 71, 75, 69, 68, 68, 72, 71, 66, 68, 71, 77, 73, 73, 70, 70]"
1024,512,0.9,0.3,6.259232759475625e-05,True,27,-10,229,229,2,"[0.5, 0.5]","[229, 229]"
1024,512,0.9,0.3,6.665289402007813e-05,True,12,-10,275,183,2,"[0.6, 0.4]","[275, 183]"
1024,512,0.9,0.3,6.145983934402188e-05,True,25,-10,321,137,2,"[0.7, 0.3]","[321, 137]"
1024,512,0.9,0.3,6.35460019111625e-05,True,24,-10,367,91,2,"[0.8, 0.2]","[367, 91]"
1024,512,0.9,0.3,7.549673318862812e-05,True,11,-10,114,114,4,"[0.25, 0.25, 0.25, 0.25]","[114, 114, 114, 114]"
1024,512,0.9,0.3,9.755790233611875e-05,True,13,-10,76,76,8,"[0.125, 0.125, 0.125, 0.125, 0.125, 0.125, 0.125, 0.125]","[76, 76, 76, 76, 76, 76, 76, 76]"
1024,512,0.9,0.3,0.00013501197099685626,True,21,-10,47,47,16,"[0.0625, 0.0625, 0.0625, 0.0625, 0.0625, 0.0625, 0.0625, 0.0625, 0.0625, 0.0625, 0.0625, 0.0625, 0.0625, 0.0625, 0.0625, 0.0625]","[47, 47, 47, 47, 47, 47, 47, 47, 47, 47, 47, 47, 47, 47, 47, 47]"
1024,512,0.9,0.4,5.0611793994903124e-05,True,6,-10,159,159,2,"[0.5, 0.5]","[159, 159]"
1024,512,0.9,0.4,4.78029251098625e-05,True,7,-10,191,127,2,"[0.6, 0.4]","[191, 127]"
1024,512,0.9,0.4,4.947930574416875e-05,True,6,-10,223,95,2,"[0.7, 0.3]","[223, 95]"
1024,512,0.9,0.4,4.862993955611875e-05,True,11,-10,255,63,2,"[0.8, 0.2]","[255, 63]"
1024,512,0.9,0.4,7.373094558715625e-05,True,10,-10,79,79,4,"[0.25, 0.25, 0.25, 0.25]","[79, 79, 79, 79]"
1024,512,0.9,0.4,7.602572441100937e-05,True,9,-10,53,53,8,"[0.125, 0.125, 0.125, 0.125, 0.125, 0.125, 0.125, 0.125]","[53, 53, 53, 53, 53, 53, 53, 53]"
1024,512,0.9,0.4,0.00012005865573882813,True,4,-10,33,33,16,"[0.0625, 0.0625, 0.0625, 0.0625, 0.0625, 0.0625, 0.0625, 0.0625, 0.0625, 0.0625, 0.0625, 0.0625, 0.0625, 0.0625, 0.0625, 0.0625]","[33, 33, 33, 33, 33, 33, 33, 33, 33, 33, 33, 33, 33, 33, 33, 33]"
1024,512,0.9,0.5,3.8102269172665625e-05,True,4,-10,120,120,2,"[0.5, 0.5]","[120, 120]"
1024,512,0.9,0.5,4.070252180099375e-05,True,1,-10,144,95,2,"[0.6, 0.4]","[144, 95]"
1024,512,0.9,0.5,4.036724567413125e-05,True,2,-10,167,72,2,"[0.7, 0.3]","[167, 72]"
1024,512,0.9,0.5,3.9540231227871876e-05,True,2,-10,192,47,2,"[0.8, 0.2]","[192, 47]"
1024,512,0.9,0.5,4.90695238113375e-05,True,3,-10,60,60,4,"[0.25, 0.25, 0.25, 0.25]","[60, 60, 60, 60]"
1024,512,0.9,0.5,6.531924009322812e-05,True,3,-10,40,40,8,"[0.125, 0.125, 0.125, 0.125, 0.125, 0.125, 0.125, 0.125]","[40, 40, 40, 40, 40, 40, 40, 40]"
1024,512,0.9,0.5,9.184330701827812e-05,True,1,-10,25,25,16,"[0.0625, 0.0625, 0.0625, 0.0625, 0.0625, 0.0625, 0.0625, 0.0625, 0.0625, 0.0625, 0.0625, 0.0625, 0.0625, 0.0625, 0.0625, 0.0625]","[25, 25, 25, 25, 25, 25, 25, 25, 25, 25, 25, 25, 25, 25, 25, 25]"
1024,512,0.9,0.6,3.4913420677184374e-05,True,1,-10,95,95,2,"[0.5, 0.5]","[95, 95]"
1024,512,0.9,0.6,3.50251793861375e-05,True,0,-10,114,76,2,"[0.6, 0.4]","[114, 76]"
1024,512,0.9,0.6,3.46302986145e-05,True,0,-10,133,57,2,"[0.7, 0.3]","[133, 57]"
1024,512,0.9,0.6,3.1277537345884374e-05,True,0,-10,152,37,2,"[0.8, 0.2]","[152, 37]"
1024,512,0.9,0.6,4.2721629142759374e-05,True,2,-10,47,47,4,"[0.25, 0.25, 0.25, 0.25]","[47, 47, 47, 47]"
1024,512,0.9,0.6,5.7213008403775e-05,True,1,-10,31,31,8,"[0.125, 0.125, 0.125, 0.125, 0.125, 0.125, 0.125, 0.125]","[31, 31, 31, 31, 31, 31, 31, 31]"
1024,512,0.9,0.6,8.426606655120625e-05,True,0,-10,19,19,16,"[0.0625, 0.0625, 0.0625, 0.0625, 0.0625, 0.0625, 0.0625, 0.0625, 0.0625, 0.0625, 0.0625, 0.0625, 0.0625, 0.0625, 0.0625, 0.0625]","[19, 19, 19, 19, 19, 19, 19, 19, 19, 19, 19, 19, 19, 19, 19, 19]"
1024,1024,0.9,0.2,9.540468454360938e-05,True,85,-10,379,379,2,"[0.5, 0.5]","[379, 379]"
1024,1024,0.9,0.2,9.257346391677813e-05,True,84,-10,455,303,2,"[0.6, 0.4]","[455, 303]"
1024,1024,0.9,0.2,9.299814701080313e-05,True,85,-10,531,227,2,"[0.7, 0.3]","[531, 227]"
1024,1024,0.9,0.2,9.116530418395938e-05,True,85,-10,607,151,2,"[0.8, 0.2]","[607, 151]"
1024,1024,0.9,0.2,0.00010262429714202813,True,78,-10,189,189,4,"[0.25, 0.25, 0.25, 0.25]","[189, 189, 189, 189]"
1024,1024,0.9,0.2,0.00013407319784164375,True,78,-10,126,126,8,"[0.125, 0.125, 0.125, 0.125, 0.125, 0.125, 0.125, 0.125]","[126, 126, 126, 126, 126, 126, 126, 126]"
1024,1024,0.9,0.2,0.00018188357353210314,True,67,-10,69,69,16,"[0.0625, 0.0625, 0.0625, 0.0625, 0.0625, 0.0625, 0.0625, 0.0625, 0.0625, 0.0625, 0.0625, 0.0625, 0.0625, 0.0625, 0.0625, 0.0625]","[69, 69, 71, 71, 74, 70, 70, 74, 69, 73, 76, 70, 64, 67, 71, 71]"
1024,1024,0.9,0.3,6.649643182754376e-05,True,38,-10,229,229,2,"[0.5, 0.5]","[229, 229]"
1024,1024,0.9,0.3,6.476789712905625e-05,True,41,-10,275,183,2,"[0.6, 0.4]","[275, 183]"
1024,1024,0.9,0.3,6.524473428725937e-05,True,23,-10,321,137,2,"[0.7, 0.3]","[321, 137]"
1024,1024,0.9,0.3,6.329268217086563e-05,True,39,-10,367,91,2,"[0.8, 0.2]","[367, 91]"
1024,1024,0.9,0.3,7.592886686325e-05,True,33,-10,114,114,4,"[0.25, 0.25, 0.25, 0.25]","[114, 114, 114, 114]"
1024,1024,0.9,0.3,9.835511445999063e-05,True,31,-10,76,76,8,"[0.125, 0.125, 0.125, 0.125, 0.125, 0.125, 0.125, 0.125]","[76, 76, 76, 76, 76, 76, 76, 76]"
1024,1024,0.9,0.3,0.0001349374651908844,True,30,-10,47,47,16,"[0.0625, 0.0625, 0.0625, 0.0625, 0.0625, 0.0625, 0.0625, 0.0625, 0.0625, 0.0625, 0.0625, 0.0625, 0.0625, 0.0625, 0.0625, 0.0625]","[47, 47, 47, 47, 47, 47, 47, 47, 47, 47, 47, 47, 47, 47, 47, 47]"
1024,1024,0.9,0.4,5.04031777381875e-05,True,18,-10,159,159,2,"[0.5, 0.5]","[159, 159]"
1024,1024,0.9,0.4,5.0030648708340626e-05,True,8,-10,191,127,2,"[0.6, 0.4]","[191, 127]"
1024,1024,0.9,0.4,4.9777328968046876e-05,True,22,-10,223,95,2,"[0.7, 0.3]","[223, 95]"
1024,1024,0.9,0.4,4.902482032775625e-05,True,19,-10,255,63,2,"[0.8, 0.2]","[255, 63]"
1024,1024,0.9,0.4,5.93364238739e-05,True,12,-10,79,79,4,"[0.25, 0.25, 0.25, 0.25]","[79, 79, 79, 79]"
1024,1024,0.9,0.4,7.879734039306562e-05,True,20,-10,53,53,8,"[0.125, 0.125, 0.125, 0.125, 0.125, 0.125, 0.125, 0.125]","[53, 53, 53, 53, 53, 53, 53, 53]"
1024,1024,0.9,0.4,0.0001092031598091125,True,11,-10,33,33,16,"[0.0625, 0.0625, 0.0625, 0.0625, 0.0625, 0.0625, 0.0625, 0.0625, 0.0625, 0.0625, 0.0625, 0.0625, 0.0625, 0.0625, 0.0625, 0.0625]","[33, 33, 33, 33, 33, 33, 33, 33, 33, 33, 33, 33, 33, 33, 33, 33]"
1024,1024,0.9,0.5,4.1484832763671875e-05,True,6,-10,120,120,2,"[0.5, 0.5]","[120, 120]"
1024,1024,0.9,0.5,4.0866434574125e-05,True,3,-10,144,95,2,"[0.6, 0.4]","[144, 95]"
1024,1024,0.9,0.5,4.065036773681563e-05,True,1,-10,167,72,2,"[0.7, 0.3]","[167, 72]"
1024,1024,0.9,0.5,4.006922245025625e-05,True,7,-10,192,47,2,"[0.8, 0.2]","[192, 47]"
1024,1024,0.9,0.5,4.8309564590453126e-05,True,7,-10,60,60,4,"[0.25, 0.25, 0.25, 0.25]","[60, 60, 60, 60]"
1024,1024,0.9,0.5,6.615370512008438e-05,True,6,-10,40,40,8,"[0.125, 0.125, 0.125, 0.125, 0.125, 0.125, 0.125, 0.125]","[40, 40, 40, 40, 40, 40, 40, 40]"
1024,1024,0.9,0.5,9.61497426033e-05,True,9,-10,25,25,16,"[0.0625, 0.0625, 0.0625, 0.0625, 0.0625, 0.0625, 0.0625, 0.0625, 0.0625, 0.0625, 0.0625, 0.0625, 0.0625, 0.0625, 0.0625, 0.0625]","[25, 25, 25, 25, 25, 25, 25, 25, 25, 25, 25, 25, 25, 25, 25, 25]"
1024,1024,0.9,0.6,3.24547290802e-05,True,1,-10,95,95,2,"[0.5, 0.5]","[95, 95]"
1024,1024,0.9,0.6,3.492087125778125e-05,True,2,-10,114,76,2,"[0.6, 0.4]","[114, 76]"
1024,1024,0.9,0.6,3.4697353839871876e-05,True,2,-10,133,57,2,"[0.7, 0.3]","[133, 57]"
1024,1024,0.9,0.6,3.2685697078703126e-05,True,5,-10,152,37,2,"[0.8, 0.2]","[152, 37]"
1024,1024,0.9,0.6,4.1812658309934375e-05,True,1,-10,47,47,4,"[0.25, 0.25, 0.25, 0.25]","[47, 47, 47, 47]"
1024,1024,0.9,0.6,5.732476711273125e-05,True,1,-10,31,31,8,"[0.125, 0.125, 0.125, 0.125, 0.125, 0.125, 0.125, 0.125]","[31, 31, 31, 31, 31, 31, 31, 31]"
1024,1024,0.9,0.6,8.426606655120625e-05,True,4,-10,19,19,16,"[0.0625, 0.0625, 0.0625, 0.0625, 0.0625, 0.0625, 0.0625, 0.0625, 0.0625, 0.0625, 0.0625, 0.0625, 0.0625, 0.0625, 0.0625, 0.0625]","[19, 19, 19, 19, 19, 19, 19, 19, 19, 19, 19, 19, 19, 19, 19, 19]"
1024,2048,0.9,0.2,9.46074724197375e-05,True,188,-10,379,379,2,"[0.5, 0.5]","[379, 379]"
1024,2048,0.9,0.2,9.501725435256875e-05,True,159,-10,455,303,2,"[0.6, 0.4]","[455, 303]"
1024,2048,0.9,0.2,9.323656558990313e-05,True,171,-10,531,227,2,"[0.7, 0.3]","[531, 227]"
1024,2048,0.9,0.2,9.005516767501563e-05,True,152,-10,607,151,2,"[0.8, 0.2]","[607, 151]"
1024,2048,0.9,0.2,0.00010714679956435938,True,152,-10,189,189,4,"[0.25, 0.25, 0.25, 0.25]","[189, 189, 189, 189]"
1024,2048,0.9,0.2,0.00013710558414459063,True,149,-10,126,126,8,"[0.125, 0.125, 0.125, 0.125, 0.125, 0.125, 0.125, 0.125]","[126, 126, 126, 126, 126, 126, 126, 126]"
1024,2048,0.9,0.2,0.0001802220940589875,True,176,-10,73,72,16,"[0.0625, 0.0625, 0.0625, 0.0625, 0.0625, 0.0625, 0.0625, 0.0625, 0.0625, 0.0625, 0.0625, 0.0625, 0.0625, 0.0625, 0.0625, 0.0625]","[73, 72, 71, 71, 68, 69, 73, 70, 72, 69, 73, 70, 65, 72, 70, 67]"
1024,2048,0.9,0.3,6.63921236991875e-05,True,84,-10,229,229,2,"[0.5, 0.5]","[229, 229]"
1024,2048,0.9,0.3,6.5691769123075e-05,True,73,-10,275,183,2,"[0.6, 0.4]","[275, 183]"
1024,2048,0.9,0.3,6.540864706039375e-05,True,66,-10,321,137,2,"[0.7, 0.3]","[321, 137]"
1024,2048,0.9,0.3,6.486475467681875e-05,True,72,-10,367,91,2,"[0.8, 0.2]","[367, 91]"
1024,2048,0.9,0.3,7.540732622146563e-05,True,58,-10,114,114,4,"[0.25, 0.25, 0.25, 0.25]","[114, 114, 114, 114]"
1024,2048,0.9,0.3,9.698420763015625e-05,True,57,-10,76,76,8,"[0.125, 0.125, 0.125, 0.125, 0.125, 0.125, 0.125, 0.125]","[76, 76, 76, 76, 76, 76, 76, 76]"
1024,2048,0.9,0.3,0.00013497471809387188,True,48,-10,47,47,16,"[0.0625, 0.0625, 0.0625, 0.0625, 0.0625, 0.0625, 0.0625, 0.0625, 0.0625, 0.0625, 0.0625, 0.0625, 0.0625, 0.0625, 0.0625, 0.0625]","[47, 47, 47, 47, 47, 47, 47, 47, 47, 47, 47, 47, 47, 47, 47, 47]"
1024,2048,0.9,0.4,5.154311656951875e-05,True,28,-10,159,159,2,"[0.5, 0.5]","[159, 159]"
1024,2048,0.9,0.4,5.081295967101875e-05,True,36,-10,191,127,2,"[0.6, 0.4]","[191, 127]"
1024,2048,0.9,0.4,4.933029413223125e-05,True,29,-10,223,95,2,"[0.7, 0.3]","[223, 95]"
1024,2048,0.9,0.4,4.961341619491562e-05,True,23,-10,255,63,2,"[0.8, 0.2]","[255, 63]"
1024,2048,0.9,0.4,5.888938903808437e-05,True,30,-10,79,79,4,"[0.25, 0.25, 0.25, 0.25]","[79, 79, 79, 79]"
1024,2048,0.9,0.4,7.737427949905313e-05,True,29,-10,53,53,8,"[0.125, 0.125, 0.125, 0.125, 0.125, 0.125, 0.125, 0.125]","[53, 53, 53, 53, 53, 53, 53, 53]"
1024,2048,0.9,0.4,0.0001092627644538875,True,33,-10,33,33,16,"[0.0625, 0.0625, 0.0625, 0.0625, 0.0625, 0.0625, 0.0625, 0.0625, 0.0625, 0.0625, 0.0625, 0.0625, 0.0625, 0.0625, 0.0625, 0.0625]","[33, 33, 33, 33, 33, 33, 33, 33, 33, 33, 33, 33, 33, 33, 33, 33]"
1024,2048,0.9,0.5,4.16561961174e-05,True,12,-10,120,120,2,"[0.5, 0.5]","[120, 120]"
1024,2048,0.9,0.5,4.216283559799062e-05,True,11,-10,144,95,2,"[0.6, 0.4]","[144, 95]"
1024,2048,0.9,0.5,4.1402876377103124e-05,True,14,-10,167,72,2,"[0.7, 0.3]","[167, 72]"
1024,2048,0.9,0.5,4.018098115920938e-05,True,9,-10,192,47,2,"[0.8, 0.2]","[192, 47]"
1024,2048,0.9,0.5,5.0432980060575e-05,True,5,-10,60,60,4,"[0.25, 0.25, 0.25, 0.25]","[60, 60, 60, 60]"
1024,2048,0.9,0.5,6.670504808425625e-05,True,8,-10,40,40,8,"[0.125, 0.125, 0.125, 0.125, 0.125, 0.125, 0.125, 0.125]","[40, 40, 40, 40, 40, 40, 40, 40]"
1024,2048,0.9,0.5,9.743869304656875e-05,True,9,-10,25,25,16,"[0.0625, 0.0625, 0.0625, 0.0625, 0.0625, 0.0625, 0.0625, 0.0625, 0.0625, 0.0625, 0.0625, 0.0625, 0.0625, 0.0625, 0.0625, 0.0625]","[25, 25, 25, 25, 25, 25, 25, 25, 25, 25, 25, 25, 25, 25, 25, 25]"
1024,2048,0.9,0.6,3.538280725479062e-05,True,2,-10,95,95,2,"[0.5, 0.5]","[95, 95]"
1024,2048,0.9,0.6,3.49059700965875e-05,True,2,-10,114,76,2,"[0.6, 0.4]","[114, 76]"
1024,2048,0.9,0.6,3.589689731597812e-05,True,2,-10,133,57,2,"[0.7, 0.3]","[133, 57]"
1024,2048,0.9,0.6,3.5174190998075e-05,True,6,-10,152,37,2,"[0.8, 0.2]","[152, 37]"
1024,2048,0.9,0.6,4.2356550693509374e-05,True,3,-10,47,47,4,"[0.25, 0.25, 0.25, 0.25]","[47, 47, 47, 47]"
1024,2048,0.9,0.6,5.7615339756009374e-05,True,6,-10,31,31,8,"[0.125, 0.125, 0.125, 0.125, 0.125, 0.125, 0.125, 0.125]","[31, 31, 31, 31, 31, 31, 31, 31]"
1024,2048,0.9,0.6,8.466839790344062e-05,True,4,-10,19,19,16,"[0.0625, 0.0625, 0.0625, 0.0625, 0.0625, 0.0625, 0.0625, 0.0625, 0.0625, 0.0625, 0.0625, 0.0625, 0.0625, 0.0625, 0.0625, 0.0625]","[19, 19, 19, 19, 19, 19, 19, 19, 19, 19, 19, 19, 19, 19, 19, 19]"
1024,4096,0.9,0.2,9.370595216750937e-05,True,324,-10,379,379,2,"[0.5, 0.5]","[379, 379]"
1024,4096,0.9,0.2,9.40635800361625e-05,True,280,-10,455,303,2,"[0.6, 0.4]","[455, 303]"
1024,4096,0.9,0.2,9.252876043319687e-05,True,341,-10,531,227,2,"[0.7, 0.3]","[531, 227]"
1024,4096,0.9,0.2,9.019672870635938e-05,True,352,-10,607,151,2,"[0.8, 0.2]","[607, 151]"
1024,4096,0.9,0.2,0.00010746717453002813,True,319,-10,189,189,4,"[0.25, 0.25, 0.25, 0.25]","[189, 189, 189, 189]"
1024,4096,0.9,0.2,0.00013658404350280626,True,319,-10,126,126,8,"[0.125, 0.125, 0.125, 0.125, 0.125, 0.125, 0.125, 0.125]","[126, 126, 126, 126, 126, 126, 126, 126]"
1024,4096,0.9,0.2,0.00018341839313506874,True,330,-10,73,71,16,"[0.0625, 0.0625, 0.0625, 0.0625, 0.0625, 0.0625, 0.0625, 0.0625, 0.0625, 0.0625, 0.0625, 0.0625, 0.0625, 0.0625, 0.0625, 0.0625]","[73, 71, 69, 70, 66, 69, 76, 72, 66, 69, 74, 69, 74, 66, 72, 69]"
1024,4096,0.9,0.3,6.651878356933438e-05,True,167,-10,229,229,2,"[0.5, 0.5]","[229, 229]"
1024,4096,0.9,0.3,6.606429815292188e-05,True,123,-10,275,183,2,"[0.6, 0.4]","[275, 183]"
1024,4096,0.9,0.3,6.55427575111375e-05,True,138,-10,321,137,2,"[0.7, 0.3]","[321, 137]"
1024,4096,0.9,0.3,6.491690874099688e-05,True,148,-10,367,91,2,"[0.8, 0.2]","[367, 91]"
1024,4096,0.9,0.3,7.72923231124875e-05,True,157,-10,114,114,4,"[0.25, 0.25, 0.25, 0.25]","[114, 114, 114, 114]"
1024,4096,0.9,0.3,0.00010067969560623126,True,152,-10,76,76,8,"[0.125, 0.125, 0.125, 0.125, 0.125, 0.125, 0.125, 0.125]","[76, 76, 76, 76, 76, 76, 76, 76]"
1024,4096,0.9,0.3,0.00013740360736846875,True,137,-10,47,47,16,"[0.0625, 0.0625, 0.0625, 0.0625, 0.0625, 0.0625, 0.0625, 0.0625, 0.0625, 0.0625, 0.0625, 0.0625, 0.0625, 0.0625, 0.0625, 0.0625]","[47, 47, 47, 47, 47, 47, 47, 47, 47, 47, 47, 47, 47, 47, 47, 47]"
1024,4096,0.9,0.4,5.136430263519063e-05,True,47,-10,159,159,2,"[0.5, 0.5]","[159, 159]"
1024,4096,0.9,0.4,5.1379203796384374e-05,True,54,-10,191,127,2,"[0.6, 0.4]","[191, 127]"
1024,4096,0.9,0.4,5.1021575927734375e-05,True,58,-10,223,95,2,"[0.7, 0.3]","[223, 95]"
1024,4096,0.9,0.4,4.975497722625625e-05,True,70,-10,255,63,2,"[0.8, 0.2]","[255, 63]"
1024,4096,0.9,0.4,5.9634447097778124e-05,True,49,-10,79,79,4,"[0.25, 0.25, 0.25, 0.25]","[79, 79, 79, 79]"
1024,4096,0.9,0.4,7.928162813186563e-05,True,54,-10,53,53,8,"[0.125, 0.125, 0.125, 0.125, 0.125, 0.125, 0.125, 0.125]","[53, 53, 53, 53, 53, 53, 53, 53]"
1024,4096,0.9,0.4,0.000111110508441925,True,73,-10,33,33,16,"[0.0625, 0.0625, 0.0625, 0.0625, 0.0625, 0.0625, 0.0625, 0.0625, 0.0625, 0.0625, 0.0625, 0.0625, 0.0625, 0.0625, 0.0625, 0.0625]","[33, 33, 33, 33, 33, 33, 33, 33, 33, 33, 33, 33, 33, 33, 33, 33]"
1024,4096,0.9,0.5,4.179030656814375e-05,True,18,-10,120,120,2,"[0.5, 0.5]","[120, 120]"
1024,4096,0.9,0.5,4.2103230953215624e-05,True,19,-10,144,95,2,"[0.6, 0.4]","[144, 95]"
1024,4096,0.9,0.5,4.1231513023375e-05,True,24,-10,167,72,2,"[0.7, 0.3]","[167, 72]"
1024,4096,0.9,0.5,4.091858863830312e-05,True,24,-10,192,47,2,"[0.8, 0.2]","[192, 47]"
1024,4096,0.9,0.5,4.9412250518796877e-05,True,22,-10,60,60,4,"[0.25, 0.25, 0.25, 0.25]","[60, 60, 60, 60]"
1024,4096,0.9,0.5,6.84484839439375e-05,True,33,-10,40,40,8,"[0.125, 0.125, 0.125, 0.125, 0.125, 0.125, 0.125, 0.125]","[40, 40, 40, 40, 40, 40, 40, 40]"
1024,4096,0.9,0.5,9.776651859283438e-05,True,20,-10,25,25,16,"[0.0625, 0.0625, 0.0625, 0.0625, 0.0625, 0.0625, 0.0625, 0.0625, 0.0625, 0.0625, 0.0625, 0.0625, 0.0625, 0.0625, 0.0625, 0.0625]","[25, 25, 25, 25, 25, 25, 25, 25, 25, 25, 25, 25, 25, 25, 25, 25]"
1024,4096,0.9,0.6,3.570318222045625e-05,True,9,-10,95,95,2,"[0.5, 0.5]","[95, 95]"
1024,4096,0.9,0.6,3.53306531906125e-05,True,10,-10,114,76,2,"[0.6, 0.4]","[114, 76]"
1024,4096,0.9,0.6,3.5054981708525e-05,True,4,-10,133,57,2,"[0.7, 0.3]","[133, 57]"
1024,4096,0.9,0.6,3.50251793861375e-05,True,7,-10,152,37,2,"[0.8, 0.2]","[152, 37]"
1024,4096,0.9,0.6,4.272907972335625e-05,True,7,-10,47,47,4,"[0.25, 0.25, 0.25, 0.25]","[47, 47, 47, 47]"
1024,4096,0.9,0.6,5.90607523918125e-05,True,6,-10,31,31,8,"[0.125, 0.125, 0.125, 0.125, 0.125, 0.125, 0.125, 0.125]","[31, 31, 31, 31, 31, 31, 31, 31]"
1024,4096,0.9,0.6,8.5674226284025e-05,True,11,-10,19,19,16,"[0.0625, 0.0625, 0.0625, 0.0625, 0.0625, 0.0625, 0.0625, 0.0625, 0.0625, 0.0625, 0.0625, 0.0625, 0.0625, 0.0625, 0.0625, 0.0625]","[19, 19, 19, 19, 19, 19, 19, 19, 19, 19, 19, 19, 19, 19, 19, 19]"
2048,512,0.9,0.2,0.00021575391292571875,True,47,-10,379,379,2,"[0.5, 0.5]","[379, 379]"
2048,512,0.9,0.2,0.0002029314637184125,True,30,-10,455,303,2,"[0.6, 0.4]","[455, 303]"
2048,512,0.9,0.2,0.00020138174295425312,True,35,-10,531,227,2,"[0.7, 0.3]","[531, 227]"
2048,512,0.9,0.2,0.00020259618759155,True,42,-10,607,151,2,"[0.8, 0.2]","[607, 151]"
2048,512,0.9,0.2,0.00022938102483749376,True,44,-10,189,189,4,"[0.25, 0.25, 0.25, 0.25]","[189, 189, 189, 189]"
2048,512,0.9,0.2,0.00028271973133086876,True,50,-10,126,126,8,"[0.125, 0.125, 0.125, 0.125, 0.125, 0.125, 0.125, 0.125]","[126, 126, 126, 126, 126, 126, 126, 126]"
2048,512,0.9,0.2,0.0003799274563789344,True,44,-10,79,79,16,"[0.0625, 0.0625, 0.0625, 0.0625, 0.0625, 0.0625, 0.0625, 0.0625, 0.0625, 0.0625, 0.0625, 0.0625, 0.0625, 0.0625, 0.0625, 0.0625]","[79, 79, 79, 79, 79, 79, 79, 79, 79, 79, 79, 79, 79, 79, 79, 79]"
2048,512,0.9,0.3,0.00013092160224914375,True,27,-10,229,229,2,"[0.5, 0.5]","[229, 229]"
2048,512,0.9,0.3,0.00013085454702377187,True,12,-10,275,183,2,"[0.6, 0.4]","[275, 183]"
2048,512,0.9,0.3,0.0001308247447013844,True,22,-10,321,137,2,"[0.7, 0.3]","[321, 137]"
2048,512,0.9,0.3,0.00013007223606109375,True,11,-10,367,91,2,"[0.8, 0.2]","[367, 91]"
2048,512,0.9,0.3,0.00015363097190856874,True,16,-10,114,114,4,"[0.25, 0.25, 0.25, 0.25]","[114, 114, 114, 114]"
2048,512,0.9,0.3,0.00019712746143340937,True,23,-10,76,76,8,"[0.125, 0.125, 0.125, 0.125, 0.125, 0.125, 0.125, 0.125]","[76, 76, 76, 76, 76, 76, 76, 76]"
2048,512,0.9,0.3,0.00025781989097595,True,16,-10,47,47,16,"[0.0625, 0.0625, 0.0625, 0.0625, 0.0625, 0.0625, 0.0625, 0.0625, 0.0625, 0.0625, 0.0625, 0.0625, 0.0625, 0.0625, 0.0625, 0.0625]","[47, 47, 47, 47, 47, 47, 47, 47, 47, 47, 47, 47, 47, 47, 47, 47]"
2048,512,0.9,0.4,9.765475988387812e-05,True,5,-10,159,159,2,"[0.5, 0.5]","[159, 159]"
2048,512,0.9,0.4,0.00010067224502563437,True,4,-10,191,127,2,"[0.6, 0.4]","[191, 127]"
2048,512,0.9,0.4,0.00010085105895995938,True,5,-10,223,95,2,"[0.7, 0.3]","[223, 95]"
2048,512,0.9,0.4,9.552389383315937e-05,True,6,-10,255,63,2,"[0.8, 0.2]","[255, 63]"
2048,512,0.9,0.4,0.00011565536260604688,True,8,-10,79,79,4,"[0.25, 0.25, 0.25, 0.25]","[79, 79, 79, 79]"
2048,512,0.9,0.4,0.00015318393707275312,True,10,-10,53,53,8,"[0.125, 0.125, 0.125, 0.125, 0.125, 0.125, 0.125, 0.125]","[53, 53, 53, 53, 53, 53, 53, 53]"
2048,512,0.9,0.4,0.00021083652973175,True,5,-10,33,33,16,"[0.0625, 0.0625, 0.0625, 0.0625, 0.0625, 0.0625, 0.0625, 0.0625, 0.0625, 0.0625, 0.0625, 0.0625, 0.0625, 0.0625, 0.0625, 0.0625]","[33, 33, 33, 33, 33, 33, 33, 33, 33, 33, 33, 33, 33, 33, 33, 33]"
2048,512,0.9,0.5,7.858872413635e-05,True,4,-10,120,120,2,"[0.5, 0.5]","[120, 120]"
2048,512,0.9,0.5,8.024275302886875e-05,True,3,-10,143,96,2,"[0.6, 0.4]","[143, 96]"
2048,512,0.9,0.5,7.706135511398124e-05,True,3,-10,168,71,2,"[0.7, 0.3]","[168, 71]"
2048,512,0.9,0.5,7.929652929305938e-05,True,1,-10,192,47,2,"[0.8, 0.2]","[192, 47]"
2048,512,0.9,0.5,9.465962648391562e-05,True,2,-10,60,60,4,"[0.25, 0.25, 0.25, 0.25]","[60, 60, 60, 60]"
2048,512,0.9,0.5,0.0001237615942955,True,3,-10,40,40,8,"[0.125, 0.125, 0.125, 0.125, 0.125, 0.125, 0.125, 0.125]","[40, 40, 40, 40, 40, 40, 40, 40]"
2048,512,0.9,0.5,0.00017855316400527813,True,4,-10,25,25,16,"[0.0625, 0.0625, 0.0625, 0.0625, 0.0625, 0.0625, 0.0625, 0.0625, 0.0625, 0.0625, 0.0625, 0.0625, 0.0625, 0.0625, 0.0625, 0.0625]","[25, 25, 25, 25, 25, 25, 25, 25, 25, 25, 25, 25, 25, 25, 25, 25]"
2048,512,0.9,0.6,6.932020187377813e-05,True,1,-10,95,95,2,"[0.5, 0.5]","[95, 95]"
2048,512,0.9,0.6,6.713718175887812e-05,True,0,-10,114,76,2,"[0.6, 0.4]","[114, 76]"
2048,512,0.9,0.6,6.610900163650312e-05,True,0,-10,133,57,2,"[0.7, 0.3]","[133, 57]"
2048,512,0.9,0.6,6.654858589172187e-05,True,1,-10,152,38,2,"[0.8, 0.2]","[152, 38]"
2048,512,0.9,0.6,7.98925757408125e-05,True,6,-10,47,47,4,"[0.25, 0.25, 0.25, 0.25]","[47, 47, 47, 47]"
2048,512,0.9,0.6,0.00010621547698974375,True,0,-10,31,31,8,"[0.125, 0.125, 0.125, 0.125, 0.125, 0.125, 0.125, 0.125]","[31, 31, 31, 31, 31, 31, 31, 31]"
2048,512,0.9,0.6,0.0001593977212905875,True,1,-10,19,19,16,"[0.0625, 0.0625, 0.0625, 0.0625, 0.0625, 0.0625, 0.0625, 0.0625, 0.0625, 0.0625, 0.0625, 0.0625, 0.0625, 0.0625, 0.0625, 0.0625]","[19, 19, 19, 19, 19, 19, 19, 19, 19, 19, 19, 19, 19, 19, 19, 19]"
2048,1024,0.9,0.2,0.00020833313465118126,True,80,-10,379,379,2,"[0.5, 0.5]","[379, 379]"
2048,1024,0.9,0.2,0.00020473450422286876,True,80,-10,455,303,2,"[0.6, 0.4]","[455, 303]"
2048,1024,0.9,0.2,0.00030577182769775315,True,87,-10,531,227,2,"[0.7, 0.3]","[531, 227]"
2048,1024,0.9,0.2,0.00019812583923339687,True,79,-10,607,151,2,"[0.8, 0.2]","[607, 151]"
2048,1024,0.9,0.2,0.00022598356008529376,True,85,-10,189,189,4,"[0.25, 0.25, 0.25, 0.25]","[189, 189, 189, 189]"
2048,1024,0.9,0.2,0.0002881214022636406,True,79,-10,126,126,8,"[0.125, 0.125, 0.125, 0.125, 0.125, 0.125, 0.125, 0.125]","[126, 126, 126, 126, 126, 126, 126, 126]"
2048,1024,0.9,0.2,0.0003777220845222469,True,84,-10,79,79,16,"[0.0625, 0.0625, 0.0625, 0.0625, 0.0625, 0.0625, 0.0625, 0.0625, 0.0625, 0.0625, 0.0625, 0.0625, 0.0625, 0.0625, 0.0625, 0.0625]","[79, 79, 79, 79, 79, 79, 79, 79, 79, 79, 79, 79, 79, 79, 79, 79]"
2048,1024,0.9,0.3,0.00013459473848342811,True,28,-10,229,229,2,"[0.5, 0.5]","[229, 229]"
2048,1024,0.9,0.3,0.0001308247447013844,True,47,-10,275,183,2,"[0.6, 0.4]","[275, 183]"
2048,1024,0.9,0.3,0.0001281499862670875,True,37,-10,321,137,2,"[0.7, 0.3]","[321, 137]"
2048,1024,0.9,0.3,0.00013101845979690313,True,29,-10,367,91,2,"[0.8, 0.2]","[367, 91]"
2048,1024,0.9,0.3,0.00015169382095336876,True,31,-10,114,114,4,"[0.25, 0.25, 0.25, 0.25]","[114, 114, 114, 114]"
2048,1024,0.9,0.3,0.00020047277212142812,True,28,-10,76,76,8,"[0.125, 0.125, 0.125, 0.125, 0.125, 0.125, 0.125, 0.125]","[76, 76, 76, 76, 76, 76, 76, 76]"
2048,1024,0.9,0.3,0.000270716845989225,True,42,-10,47,47,16,"[0.0625, 0.0625, 0.0625, 0.0625, 0.0625, 0.0625, 0.0625, 0.0625, 0.0625, 0.0625, 0.0625, 0.0625, 0.0625, 0.0625, 0.0625, 0.0625]","[47, 47, 47, 47, 47, 47, 47, 47, 47, 47, 47, 47, 47, 47, 47, 47]"
2048,1024,0.9,0.4,0.00010138005018234062,True,19,-10,159,159,2,"[0.5, 0.5]","[159, 159]"
2048,1024,0.9,0.4,0.00010135024785995313,True,14,-10,191,127,2,"[0.6, 0.4]","[191, 127]"
2048,1024,0.9,0.4,0.00010074675083160312,True,11,-10,223,95,2,"[0.7, 0.3]","[223, 95]"
2048,1024,0.9,0.4,9.9480152130125e-05,True,17,-10,255,63,2,"[0.8, 0.2]","[255, 63]"
2048,1024,0.9,0.4,0.000117160379886625,True,21,-10,79,79,4,"[0.25, 0.25, 0.25, 0.25]","[79, 79, 79, 79]"
2048,1024,0.9,0.4,0.00014846026897430312,True,7,-10,53,53,8,"[0.125, 0.125, 0.125, 0.125, 0.125, 0.125, 0.125, 0.125]","[53, 53, 53, 53, 53, 53, 53, 53]"
2048,1024,0.9,0.4,0.0002155900001525875,True,13,-10,33,33,16,"[0.0625, 0.0625, 0.0625, 0.0625, 0.0625, 0.0625, 0.0625, 0.0625, 0.0625, 0.0625, 0.0625, 0.0625, 0.0625, 0.0625, 0.0625, 0.0625]","[33, 33, 33, 33, 33, 33, 33, 33, 33, 33, 33, 33, 33, 33, 33, 33]"
2048,1024,0.9,0.5,8.293241262435624e-05,True,5,-10,120,120,2,"[0.5, 0.5]","[120, 120]"
2048,1024,0.9,0.5,8.223205804824688e-05,True,8,-10,143,96,2,"[0.6, 0.4]","[143, 96]"
2048,1024,0.9,0.5,8.099526166915625e-05,True,5,-10,168,71,2,"[0.7, 0.3]","[168, 71]"
2048,1024,0.9,0.5,7.883459329605e-05,True,7,-10,192,47,2,"[0.8, 0.2]","[192, 47]"
2048,1024,0.9,0.5,9.54270362854e-05,True,4,-10,60,60,4,"[0.25, 0.25, 0.25, 0.25]","[60, 60, 60, 60]"
2048,1024,0.9,0.5,0.0001292452216148375,True,8,-10,40,40,8,"[0.125, 0.125, 0.125, 0.125, 0.125, 0.125, 0.125, 0.125]","[40, 40, 40, 40, 40, 40, 40, 40]"
2048,1024,0.9,0.5,0.00018532574176788124,True,7,-10,25,25,16,"[0.0625, 0.0625, 0.0625, 0.0625, 0.0625, 0.0625, 0.0625, 0.0625, 0.0625, 0.0625, 0.0625, 0.0625, 0.0625, 0.0625, 0.0625, 0.0625]","[25, 25, 25, 25, 25, 25, 25, 25, 25, 25, 25, 25, 25, 25, 25, 25]"
2048,1024,0.9,0.6,7.045269012450937e-05,True,2,-10,95,95,2,"[0.5, 0.5]","[95, 95]"
2048,1024,0.9,0.6,6.84484839439375e-05,True,2,-10,114,76,2,"[0.6, 0.4]","[114, 76]"
2048,1024,0.9,0.6,6.645917892455938e-05,True,0,-10,133,57,2,"[0.7, 0.3]","[133, 57]"
2048,1024,0.9,0.6,6.718933582305625e-05,True,2,-10,152,38,2,"[0.8, 0.2]","[152, 38]"
2048,1024,0.9,0.6,8.052587509155e-05,True,3,-10,47,47,4,"[0.25, 0.25, 0.25, 0.25]","[47, 47, 47, 47]"
2048,1024,0.9,0.6,0.00011360645294189375,True,1,-10,31,31,8,"[0.125, 0.125, 0.125, 0.125, 0.125, 0.125, 0.125, 0.125]","[31, 31, 31, 31, 31, 31, 31, 31]"
2048,1024,0.9,0.6,0.00015944987535476563,True,0,-10,19,19,16,"[0.0625, 0.0625, 0.0625, 0.0625, 0.0625, 0.0625, 0.0625, 0.0625, 0.0625, 0.0625, 0.0625, 0.0625, 0.0625, 0.0625, 0.0625, 0.0625]","[19, 19, 19, 19, 19, 19, 19, 19, 19, 19, 19, 19, 19, 19, 19, 19]"
2048,2048,0.9,0.2,0.00020533800125121875,True,156,-10,379,379,2,"[0.5, 0.5]","[379, 379]"
2048,2048,0.9,0.2,0.00020551681518554688,True,156,-10,455,303,2,"[0.6, 0.4]","[455, 303]"
2048,2048,0.9,0.2,0.00020547956228255938,True,155,-10,531,227,2,"[0.7, 0.3]","[531, 227]"
2048,2048,0.9,0.2,0.00020268559455871563,True,150,-10,607,151,2,"[0.8, 0.2]","[607, 151]"
2048,2048,0.9,0.2,0.00022439658641815,True,166,-10,189,189,4,"[0.25, 0.25, 0.25, 0.25]","[189, 189, 189, 189]"
2048,2048,0.9,0.2,0.0002862811088562,True,172,-10,126,126,8,"[0.125, 0.125, 0.125, 0.125, 0.125, 0.125, 0.125, 0.125]","[126, 126, 126, 126, 126, 126, 126, 126]"
2048,2048,0.9,0.2,0.0003801658749580375,True,165,-10,79,79,16,"[0.0625, 0.0625, 0.0625, 0.0625, 0.0625, 0.0625, 0.0625, 0.0625, 0.0625, 0.0625, 0.0625, 0.0625, 0.0625, 0.0625, 0.0625, 0.0625]","[79, 79, 79, 79, 79, 79, 79, 79, 79, 79, 79, 79, 79, 79, 79, 79]"
2048,2048,0.9,0.3,0.00013547390699386561,True,66,-10,229,229,2,"[0.5, 0.5]","[229, 229]"
2048,2048,0.9,0.3,0.00013365596532821563,True,82,-10,275,183,2,"[0.6, 0.4]","[275, 183]"
2048,2048,0.9,0.3,0.00013308972120285,True,72,-10,321,137,2,"[0.7, 0.3]","[321, 137]"
2048,2048,0.9,0.3,0.00013110786676406562,True,54,-10,367,91,2,"[0.8, 0.2]","[367, 91]"
2048,2048,0.9,0.3,0.0001541301608085625,True,65,-10,114,114,4,"[0.25, 0.25, 0.25, 0.25]","[114, 114, 114, 114]"
2048,2048,0.9,0.3,0.00020201504230499062,True,64,-10,76,76,8,"[0.125, 0.125, 0.125, 0.125, 0.125, 0.125, 0.125, 0.125]","[76, 76, 76, 76, 76, 76, 76, 76]"
2048,2048,0.9,0.3,0.0002669319510459875,True,54,-10,47,47,16,"[0.0625, 0.0625, 0.0625, 0.0625, 0.0625, 0.0625, 0.0625, 0.0625, 0.0625, 0.0625, 0.0625, 0.0625, 0.0625, 0.0625, 0.0625, 0.0625]","[47, 47, 47, 47, 47, 47, 47, 47, 47, 47, 47, 47, 47, 47, 47, 47]"
2048,2048,0.9,0.4,9.777396917343125e-05,True,33,-10,159,159,2,"[0.5, 0.5]","[159, 159]"
2048,2048,0.9,0.4,0.00010225176811218125,True,36,-10,191,127,2,"[0.6, 0.4]","[191, 127]"
2048,2048,0.9,0.4,9.76026058197e-05,True,27,-10,223,95,2,"[0.7, 0.3]","[223, 95]"
2048,2048,0.9,0.4,9.916722774505313e-05,True,26,-10,255,63,2,"[0.8, 0.2]","[255, 63]"
2048,2048,0.9,0.4,0.00011572986841201563,True,32,-10,79,79,4,"[0.25, 0.25, 0.25, 0.25]","[79, 79, 79, 79]"
2048,2048,0.9,0.4,0.00015353411436080626,True,30,-10,53,53,8,"[0.125, 0.125, 0.125, 0.125, 0.125, 0.125, 0.125, 0.125]","[53, 53, 53, 53, 53, 53, 53, 53]"
2048,2048,0.9,0.4,0.000218890607357025,True,23,-10,33,33,16,"[0.0625, 0.0625, 0.0625, 0.0625, 0.0625, 0.0625, 0.0625, 0.0625, 0.0625, 0.0625, 0.0625, 0.0625, 0.0625, 0.0625, 0.0625, 0.0625]","[33, 33, 33, 33, 33, 33, 33, 33, 33, 33, 33, 33, 33, 33, 33, 33]"
2048,2048,0.9,0.5,8.28579068183875e-05,True,15,-10,120,120,2,"[0.5, 0.5]","[120, 120]"
2048,2048,0.9,0.5,8.127838373184063e-05,True,14,-10,143,96,2,"[0.6, 0.4]","[143, 96]"
2048,2048,0.9,0.5,8.085370063781562e-05,True,13,-10,168,71,2,"[0.7, 0.3]","[168, 71]"
2048,2048,0.9,0.5,7.897615432739063e-05,True,24,-10,192,47,2,"[0.8, 0.2]","[192, 47]"
2048,2048,0.9,0.5,9.540468454360938e-05,True,9,-10,60,60,4,"[0.25, 0.25, 0.25, 0.25]","[60, 60, 60, 60]"
2048,2048,0.9,0.5,0.00012707710266113124,True,9,-10,40,40,8,"[0.125, 0.125, 0.125, 0.125, 0.125, 0.125, 0.125, 0.125]","[40, 40, 40, 40, 40, 40, 40, 40]"
2048,2048,0.9,0.5,0.00019050389528274376,True,14,-10,25,25,16,"[0.0625, 0.0625, 0.0625, 0.0625, 0.0625, 0.0625, 0.0625, 0.0625, 0.0625, 0.0625, 0.0625, 0.0625, 0.0625, 0.0625, 0.0625, 0.0625]","[25, 25, 25, 25, 25, 25, 25, 25, 25, 25, 25, 25, 25, 25, 25, 25]"
2048,2048,0.9,0.6,6.95064663887e-05,True,5,-10,95,95,2,"[0.5, 0.5]","[95, 95]"
2048,2048,0.9,0.6,6.87837600708e-05,True,4,-10,114,76,2,"[0.6, 0.4]","[114, 76]"
2048,2048,0.9,0.6,6.795674562454062e-05,True,4,-10,133,57,2,"[0.7, 0.3]","[133, 57]"
2048,2048,0.9,0.6,6.521493196487187e-05,True,5,-10,152,38,2,"[0.8, 0.2]","[152, 38]"
2048,2048,0.9,0.6,8.125603199005e-05,True,5,-10,47,47,4,"[0.25, 0.25, 0.25, 0.25]","[47, 47, 47, 47]"
2048,2048,0.9,0.6,0.00011127442121505625,True,3,-10,31,31,8,"[0.125, 0.125, 0.125, 0.125, 0.125, 0.125, 0.125, 0.125]","[31, 31, 31, 31, 31, 31, 31, 31]"
2048,2048,0.9,0.6,0.00015968829393386562,True,6,-10,19,19,16,"[0.0625, 0.0625, 0.0625, 0.0625, 0.0625, 0.0625, 0.0625, 0.0625, 0.0625, 0.0625, 0.0625, 0.0625, 0.0625, 0.0625, 0.0625, 0.0625]","[19, 19, 19, 19, 19, 19, 19, 19, 19, 19, 19, 19, 19, 19, 19, 19]"
2048,4096,0.9,0.2,0.00020422041416168126,True,289,-10,379,379,2,"[0.5, 0.5]","[379, 379]"
2048,4096,0.9,0.2,0.00028473138809204064,True,325,-10,455,303,2,"[0.6, 0.4]","[455, 303]"
2048,4096,0.9,0.2,0.00020721554756164375,True,314,-10,531,227,2,"[0.7, 0.3]","[531, 227]"
2048,4096,0.9,0.2,0.0002837181091308594,True,322,-10,607,151,2,"[0.8, 0.2]","[607, 151]"
2048,4096,0.9,0.2,0.00023143738508224376,True,306,-10,189,189,4,"[0.25, 0.25, 0.25, 0.25]","[189, 189, 189, 189]"
2048,4096,0.9,0.2,0.0002877339720726,True,329,-10,126,126,8,"[0.125, 0.125, 0.125, 0.125, 0.125, 0.125, 0.125, 0.125]","[126, 126, 126, 126, 126, 126, 126, 126]"
2048,4096,0.9,0.2,0.0003856718540191625,True,322,-10,79,79,16,"[0.0625, 0.0625, 0.0625, 0.0625, 0.0625, 0.0625, 0.0625, 0.0625, 0.0625, 0.0625, 0.0625, 0.0625, 0.0625, 0.0625, 0.0625, 0.0625]","[79, 79, 79, 79, 79, 79, 79, 79, 79, 79, 79, 79, 79, 79, 79, 79]"
2048,4096,0.9,0.3,0.00013697147369384687,True,169,-10,229,229,2,"[0.5, 0.5]","[229, 229]"
2048,4096,0.9,0.3,0.00021626055240630938,True,122,-10,275,183,2,"[0.6, 0.4]","[275, 183]"
2048,4096,0.9,0.3,0.00021435320377349688,True,133,-10,321,137,2,"[0.7, 0.3]","[321, 137]"
2048,4096,0.9,0.3,0.0005842819809913625,True,118,-10,367,91,2,"[0.8, 0.2]","[367, 91]"
2048,4096,0.9,0.3,0.00015404820442199688,True,143,-10,114,114,4,"[0.25, 0.25, 0.25, 0.25]","[114, 114, 114, 114]"
2048,4096,0.9,0.3,0.00020295381546020313,True,146,-10,76,76,8,"[0.125, 0.125, 0.125, 0.125, 0.125, 0.125, 0.125, 0.125]","[76, 76, 76, 76, 76, 76, 76, 76]"
2048,4096,0.9,0.3,0.0002722516655921906,True,131,-10,47,47,16,"[0.0625, 0.0625, 0.0625, 0.0625, 0.0625, 0.0625, 0.0625, 0.0625, 0.0625, 0.0625, 0.0625, 0.0625, 0.0625, 0.0625, 0.0625, 0.0625]","[47, 47, 47, 47, 47, 47, 47, 47, 47, 47, 47, 47, 47, 47, 47, 47]"
2048,4096,0.9,0.4,0.00010121613740920938,True,63,-10,159,159,2,"[0.5, 0.5]","[159, 159]"
2048,4096,0.9,0.4,0.00018835812807083124,True,59,-10,191,127,2,"[0.6, 0.4]","[191, 127]"
2048,4096,0.9,0.4,0.00017367303371429376,True,60,-10,223,95,2,"[0.7, 0.3]","[223, 95]"
2048,4096,0.9,0.4,0.002406045794486997,True,64,-10,255,63,2,"[0.8, 0.2]","[255, 63]"
2048,4096,0.9,0.4,0.00011827051639556875,True,53,-10,79,79,4,"[0.25, 0.25, 0.25, 0.25]","[79, 79, 79, 79]"
2048,4096,0.9,0.4,0.00015557557344436561,True,75,-10,53,53,8,"[0.125, 0.125, 0.125, 0.125, 0.125, 0.125, 0.125, 0.125]","[53, 53, 53, 53, 53, 53, 53, 53]"
2048,4096,0.9,0.4,0.00021950155496597187,True,62,-10,33,33,16,"[0.0625, 0.0625, 0.0625, 0.0625, 0.0625, 0.0625, 0.0625, 0.0625, 0.0625, 0.0625, 0.0625, 0.0625, 0.0625, 0.0625, 0.0625, 0.0625]","[33, 33, 33, 33, 33, 33, 33, 33, 33, 33, 33, 33, 33, 33, 33, 33]"
2048,4096,0.9,0.5,8.139014244079374e-05,True,26,-10,120,120,2,"[0.5, 0.5]","[120, 120]"
2048,4096,0.9,0.5,0.00015647709369659375,True,23,-10,143,96,2,"[0.6, 0.4]","[143, 96]"
2048,4096,0.9,0.5,8.098781108855937e-05,True,23,-10,168,71,2,"[0.7, 0.3]","[168, 71]"
2048,4096,0.9,0.5,0.00015810132026672187,True,24,-10,192,47,2,"[0.8, 0.2]","[192, 47]"
2048,4096,0.9,0.5,9.786337614059375e-05,True,28,-10,60,60,4,"[0.25, 0.25, 0.25, 0.25]","[60, 60, 60, 60]"
2048,4096,0.9,0.5,0.00012955814599990625,True,24,-10,40,40,8,"[0.125, 0.125, 0.125, 0.125, 0.125, 0.125, 0.125, 0.125]","[40, 40, 40, 40, 40, 40, 40, 40]"
2048,4096,0.9,0.5,0.0001863390207290625,True,21,-10,25,25,16,"[0.0625, 0.0625, 0.0625, 0.0625, 0.0625, 0.0625, 0.0625, 0.0625, 0.0625, 0.0625, 0.0625, 0.0625, 0.0625, 0.0625, 0.0625, 0.0625]","[25, 25, 25, 25, 25, 25, 25, 25, 25, 25, 25, 25, 25, 25, 25, 25]"
2048,4096,0.9,0.6,6.892532110214063e-05,True,12,-10,95,95,2,"[0.5, 0.5]","[95, 95]"
2048,4096,0.9,0.6,0.00014594197273254376,True,6,-10,114,76,2,"[0.6, 0.4]","[114, 76]"
2048,4096,0.9,0.6,0.0005429312586784343,True,10,-10,133,57,2,"[0.7, 0.3]","[133, 57]"
2048,4096,0.9,0.6,0.00014229863882064687,True,8,-10,152,38,2,"[0.8, 0.2]","[152, 38]"
2048,4096,0.9,0.6,8.073449134826563e-05,True,2,-10,47,47,4,"[0.25, 0.25, 0.25, 0.25]","[47, 47, 47, 47]"
2048,4096,0.9,0.6,0.00011352449655532813,True,8,-10,31,31,8,"[0.125, 0.125, 0.125, 0.125, 0.125, 0.125, 0.125, 0.125]","[31, 31, 31, 31, 31, 31, 31, 31]"
2048,4096,0.9,0.6,0.00016734004020690625,True,5,-10,19,19,16,"[0.0625, 0.0625, 0.0625, 0.0625, 0.0625, 0.0625, 0.0625, 0.0625, 0.0625, 0.0625, 0.0625, 0.0625, 0.0625, 0.0625, 0.0625, 0.0625]","[19, 19, 19, 19, 19, 19, 19, 19, 19, 19, 19, 19, 19, 19, 19, 19]"
4096,512,0.9,0.2,0.0004332661628723125,True,44,-10,379,379,2,"[0.5, 0.5]","[379, 379]"
4096,512,0.9,0.2,0.0004275664687156656,True,38,-10,455,303,2,"[0.6, 0.4]","[455, 303]"
4096,512,0.9,0.2,0.00042760372161865,True,38,-10,531,227,2,"[0.7, 0.3]","[531, 227]"
4096,512,0.9,0.2,0.0006361007690429688,True,51,-10,607,151,2,"[0.8, 0.2]","[607, 151]"
4096,512,0.9,0.2,0.0004652515053749062,True,48,-10,189,189,4,"[0.25, 0.25, 0.25, 0.25]","[189, 189, 189, 189]"
4096,512,0.9,0.2,0.0006030350923538187,True,48,-10,126,126,8,"[0.125, 0.125, 0.125, 0.125, 0.125, 0.125, 0.125, 0.125]","[126, 126, 126, 126, 126, 126, 126, 126]"
4096,512,0.9,0.2,0.0007841140031814562,True,56,-10,79,79,16,"[0.0625, 0.0625, 0.0625, 0.0625, 0.0625, 0.0625, 0.0625, 0.0625, 0.0625, 0.0625, 0.0625, 0.0625, 0.0625, 0.0625, 0.0625, 0.0625]","[79, 79, 79, 79, 79, 79, 79, 79, 79, 79, 79, 79, 79, 79, 79, 79]"
4096,512,0.9,0.3,0.0002778246998786906,True,22,-10,229,229,2,"[0.5, 0.5]","[229, 229]"
4096,512,0.9,0.3,0.0002826154232025125,True,26,-10,275,183,2,"[0.6, 0.4]","[275, 183]"
4096,512,0.9,0.3,0.00027544796466827187,True,19,-10,321,137,2,"[0.7, 0.3]","[321, 137]"
4096,512,0.9,0.3,0.00027320533990859687,True,18,-10,367,91,2,"[0.8, 0.2]","[367, 91]"
4096,512,0.9,0.3,0.0003114864230155937,True,11,-10,114,114,4,"[0.25, 0.25, 0.25, 0.25]","[114, 114, 114, 114]"
4096,512,0.9,0.3,0.0004178807139396656,True,12,-10,76,76,8,"[0.125, 0.125, 0.125, 0.125, 0.125, 0.125, 0.125, 0.125]","[76, 76, 76, 76, 76, 76, 76, 76]"
4096,512,0.9,0.3,0.0005490332841873156,True,15,-10,47,47,16,"[0.0625, 0.0625, 0.0625, 0.0625, 0.0625, 0.0625, 0.0625, 0.0625, 0.0625, 0.0625, 0.0625, 0.0625, 0.0625, 0.0625, 0.0625, 0.0625]","[47, 47, 47, 47, 47, 47, 47, 47, 47, 47, 47, 47, 47, 47, 47, 47]"
4096,512,0.9,0.4,0.0002075657248497,True,9,-10,159,159,2,"[0.5, 0.5]","[159, 159]"
4096,512,0.9,0.4,0.00020896643400192188,True,6,-10,191,127,2,"[0.6, 0.4]","[191, 127]"
4096,512,0.9,0.4,0.0002091750502586344,True,4,-10,223,95,2,"[0.7, 0.3]","[223, 95]"
4096,512,0.9,0.4,0.00020404905080795,True,10,-10,255,63,2,"[0.8, 0.2]","[255, 63]"
4096,512,0.9,0.4,0.00024055689573287812,True,5,-10,79,79,4,"[0.25, 0.25, 0.25, 0.25]","[79, 79, 79, 79]"
4096,512,0.9,0.4,0.00032127648591995,True,15,-10,53,53,8,"[0.125, 0.125, 0.125, 0.125, 0.125, 0.125, 0.125, 0.125]","[53, 53, 53, 53, 53, 53, 53, 53]"
4096,512,0.9,0.4,0.00045650452375411873,True,6,-10,33,33,16,"[0.0625, 0.0625, 0.0625, 0.0625, 0.0625, 0.0625, 0.0625, 0.0625, 0.0625, 0.0625, 0.0625, 0.0625, 0.0625, 0.0625, 0.0625, 0.0625]","[33, 33, 33, 33, 33, 33, 33, 33, 33, 33, 33, 33, 33, 33, 33, 33]"
4096,512,0.9,0.5,0.00016698986291885314,True,2,-10,120,120,2,"[0.5, 0.5]","[120, 120]"
4096,512,0.9,0.5,0.0001687556505203219,True,0,-10,144,96,2,"[0.6, 0.4]","[144, 96]"
4096,512,0.9,0.5,0.00015828013420104688,True,2,-10,168,71,2,"[0.7, 0.3]","[168, 71]"
4096,512,0.9,0.5,0.00015936046838760314,True,2,-10,192,48,2,"[0.8, 0.2]","[192, 48]"
4096,512,0.9,0.5,0.00019989162683486876,True,1,-10,60,60,4,"[0.25, 0.25, 0.25, 0.25]","[60, 60, 60, 60]"
4096,512,0.9,0.5,0.0002677813172340375,True,2,-10,40,40,8,"[0.125, 0.125, 0.125, 0.125, 0.125, 0.125, 0.125, 0.125]","[40, 40, 40, 40, 40, 40, 40, 40]"
4096,512,0.9,0.5,0.00039028376340865937,True,4,-10,25,25,16,"[0.0625, 0.0625, 0.0625, 0.0625, 0.0625, 0.0625, 0.0625, 0.0625, 0.0625, 0.0625, 0.0625, 0.0625, 0.0625, 0.0625, 0.0625, 0.0625]","[25, 25, 25, 25, 25, 25, 25, 25, 25, 25, 25, 25, 25, 25, 25, 25]"
4096,512,0.9,0.6,0.00013915449380874376,True,1,-10,95,95,2,"[0.5, 0.5]","[95, 95]"
4096,512,0.9,0.6,0.00012920051813125312,True,0,-10,114,76,2,"[0.6, 0.4]","[114, 76]"
4096,512,0.9,0.6,0.00013402104377746563,True,3,-10,133,57,2,"[0.7, 0.3]","[133, 57]"
4096,512,0.9,0.6,0.00013497471809387188,True,0,-10,152,38,2,"[0.8, 0.2]","[152, 38]"
4096,512,0.9,0.6,0.00015632063150405626,True,1,-10,47,47,4,"[0.25, 0.25, 0.25, 0.25]","[47, 47, 47, 47]"
4096,512,0.9,0.6,0.00023110955953597814,True,0,-10,31,31,8,"[0.125, 0.125, 0.125, 0.125, 0.125, 0.125, 0.125, 0.125]","[31, 31, 31, 31, 31, 31, 31, 31]"
4096,512,0.9,0.6,0.0003413856029510469,True,0,-10,19,19,16,"[0.0625, 0.0625, 0.0625, 0.0625, 0.0625, 0.0625, 0.0625, 0.0625, 0.0625, 0.0625, 0.0625, 0.0625, 0.0625, 0.0625, 0.0625, 0.0625]","[19, 19, 19, 19, 19, 19, 19, 19, 19, 19, 19, 19, 19, 19, 19, 19]"
4096,1024,0.9,0.2,0.00042910873889922814,True,79,-10,379,379,2,"[0.5, 0.5]","[379, 379]"
4096,1024,0.9,0.2,0.00043375790119170937,True,79,-10,455,303,2,"[0.6, 0.4]","[455, 303]"
4096,1024,0.9,0.2,0.00042397528886795,True,82,-10,531,227,2,"[0.7, 0.3]","[531, 227]"
4096,1024,0.9,0.2,0.00041986256837844686,True,87,-10,607,151,2,"[0.8, 0.2]","[607, 151]"
4096,1024,0.9,0.2,0.00046870112419128125,True,63,-10,189,189,4,"[0.25, 0.25, 0.25, 0.25]","[189, 189, 189, 189]"
4096,1024,0.9,0.2,0.0005930587649345375,True,97,-10,126,126,8,"[0.125, 0.125, 0.125, 0.125, 0.125, 0.125, 0.125, 0.125]","[126, 126, 126, 126, 126, 126, 126, 126]"
4096,1024,0.9,0.2,0.0007781982421875,True,93,-10,79,79,16,"[0.0625, 0.0625, 0.0625, 0.0625, 0.0625, 0.0625, 0.0625, 0.0625, 0.0625, 0.0625, 0.0625, 0.0625, 0.0625, 0.0625, 0.0625, 0.0625]","[79, 79, 79, 79, 79, 79, 79, 79, 79, 79, 79, 79, 79, 79, 79, 79]"
4096,1024,0.9,0.3,0.0002841800451278656,True,27,-10,229,229,2,"[0.5, 0.5]","[229, 229]"
4096,1024,0.9,0.3,0.00027254968881606877,True,40,-10,275,183,2,"[0.6, 0.4]","[275, 183]"
4096,1024,0.9,0.3,0.0002743452787399281,True,22,-10,321,137,2,"[0.7, 0.3]","[321, 137]"
4096,1024,0.9,0.3,0.000274352729320525,True,28,-10,367,91,2,"[0.8, 0.2]","[367, 91]"
4096,1024,0.9,0.3,0.0003141984343528719,True,35,-10,114,114,4,"[0.25, 0.25, 0.25, 0.25]","[114, 114, 114, 114]"
4096,1024,0.9,0.3,0.00041697174310684063,True,28,-10,76,76,8,"[0.125, 0.125, 0.125, 0.125, 0.125, 0.125, 0.125, 0.125]","[76, 76, 76, 76, 76, 76, 76, 76]"
4096,1024,0.9,0.3,0.0005535855889320344,True,34,-10,47,47,16,"[0.0625, 0.0625, 0.0625, 0.0625, 0.0625, 0.0625, 0.0625, 0.0625, 0.0625, 0.0625, 0.0625, 0.0625, 0.0625, 0.0625, 0.0625, 0.0625]","[47, 47, 47, 47, 47, 47, 47, 47, 47, 47, 47, 47, 47, 47, 47, 47]"
4096,1024,0.9,0.4,0.00020822137594222814,True,18,-10,159,159,2,"[0.5, 0.5]","[159, 159]"
4096,1024,0.9,0.4,0.0002097114920616125,True,11,-10,191,127,2,"[0.6, 0.4]","[191, 127]"
4096,1024,0.9,0.4,0.00020955502986907813,True,21,-10,223,95,2,"[0.7, 0.3]","[223, 95]"
4096,1024,0.9,0.4,0.0002048090100288375,True,13,-10,255,63,2,"[0.8, 0.2]","[255, 63]"
4096,1024,0.9,0.4,0.00023505836725234687,True,5,-10,79,79,4,"[0.25, 0.25, 0.25, 0.25]","[79, 79, 79, 79]"
4096,1024,0.9,0.4,0.00032011419534683125,True,13,-10,53,53,8,"[0.125, 0.125, 0.125, 0.125, 0.125, 0.125, 0.125, 0.125]","[53, 53, 53, 53, 53, 53, 53, 53]"
4096,1024,0.9,0.4,0.0007276535034179688,True,18,-10,33,33,16,"[0.0625, 0.0625, 0.0625, 0.0625, 0.0625, 0.0625, 0.0625, 0.0625, 0.0625, 0.0625, 0.0625, 0.0625, 0.0625, 0.0625, 0.0625, 0.0625]","[33, 33, 33, 33, 33, 33, 33, 33, 33, 33, 33, 33, 33, 33, 33, 33]"
4096,1024,0.9,0.5,0.00017113238573074062,True,10,-10,120,120,2,"[0.5, 0.5]","[120, 120]"
4096,1024,0.9,0.5,0.00017032027244567811,True,3,-10,144,96,2,"[0.6, 0.4]","[144, 96]"
4096,1024,0.9,0.5,0.000170201063156125,True,6,-10,168,71,2,"[0.7, 0.3]","[168, 71]"
4096,1024,0.9,0.5,0.00015920400619506562,True,8,-10,192,48,2,"[0.8, 0.2]","[192, 48]"
4096,1024,0.9,0.5,0.000194549560546875,True,3,-10,60,60,4,"[0.25, 0.25, 0.25, 0.25]","[60, 60, 60, 60]"
4096,1024,0.9,0.5,0.00026928633451461564,True,6,-10,40,40,8,"[0.125, 0.125, 0.125, 0.125, 0.125, 0.125, 0.125, 0.125]","[40, 40, 40, 40, 40, 40, 40, 40]"
4096,1024,0.9,0.5,0.0003979504108428938,True,6,-10,25,25,16,"[0.0625, 0.0625, 0.0625, 0.0625, 0.0625, 0.0625, 0.0625, 0.0625, 0.0625, 0.0625, 0.0625, 0.0625, 0.0625, 0.0625, 0.0625, 0.0625]","[25, 25, 25, 25, 25, 25, 25, 25, 25, 25, 25, 25, 25, 25, 25, 25]"
4096,1024,0.9,0.6,0.00014048814773559375,True,0,-10,95,95,2,"[0.5, 0.5]","[95, 95]"
4096,1024,0.9,0.6,0.00014248490333556874,True,3,-10,114,76,2,"[0.6, 0.4]","[114, 76]"
4096,1024,0.9,0.6,0.00013310462236404376,True,0,-10,133,57,2,"[0.7, 0.3]","[133, 57]"
4096,1024,0.9,0.6,0.00013452023267745936,True,1,-10,152,38,2,"[0.8, 0.2]","[152, 38]"
4096,1024,0.9,0.6,0.000161245465278625,True,2,-10,47,47,4,"[0.25, 0.25, 0.25, 0.25]","[47, 47, 47, 47]"
4096,1024,0.9,0.6,0.0002385675907135,True,5,-10,31,31,8,"[0.125, 0.125, 0.125, 0.125, 0.125, 0.125, 0.125, 0.125]","[31, 31, 31, 31, 31, 31, 31, 31]"
4096,1024,0.9,0.6,0.0003503933548927281,True,0,-10,19,19,16,"[0.0625, 0.0625, 0.0625, 0.0625, 0.0625, 0.0625, 0.0625, 0.0625, 0.0625, 0.0625, 0.0625, 0.0625, 0.0625, 0.0625, 0.0625, 0.0625]","[19, 19, 19, 19, 19, 19, 19, 19, 19, 19, 19, 19, 19, 19, 19, 19]"
4096,2048,0.9,0.2,0.000435538589954375,True,144,-10,379,379,2,"[0.5, 0.5]","[379, 379]"
4096,2048,0.9,0.2,0.00043448805809020936,True,191,-10,455,303,2,"[0.6, 0.4]","[455, 303]"
4096,2048,0.9,0.2,0.00043584406375885,True,153,-10,531,227,2,"[0.7, 0.3]","[531, 227]"
4096,2048,0.9,0.2,0.0004251748323440531,True,147,-10,607,151,2,"[0.8, 0.2]","[607, 151]"
4096,2048,0.9,0.2,0.00047773122787475315,True,153,-10,189,189,4,"[0.25, 0.25, 0.25, 0.25]","[189, 189, 189, 189]"
4096,2048,0.9,0.2,0.0005998611450195312,True,154,-10,126,126,8,"[0.125, 0.125, 0.125, 0.125, 0.125, 0.125, 0.125, 0.125]","[126, 126, 126, 126, 126, 126, 126, 126]"
4096,2048,0.9,0.2,0.0007894337177276594,True,163,-10,79,79,16,"[0.0625, 0.0625, 0.0625, 0.0625, 0.0625, 0.0625, 0.0625, 0.0625, 0.0625, 0.0625, 0.0625, 0.0625, 0.0625, 0.0625, 0.0625, 0.0625]","[79, 79, 79, 79, 79, 79, 79, 79, 79, 79, 79, 79, 79, 79, 79, 79]"
4096,2048,0.9,0.3,0.00028387457132339375,True,65,-10,229,229,2,"[0.5, 0.5]","[229, 229]"
4096,2048,0.9,0.3,0.00027609616518020624,True,68,-10,275,183,2,"[0.6, 0.4]","[275, 183]"
4096,2048,0.9,0.3,0.0002780109643936156,True,68,-10,321,137,2,"[0.7, 0.3]","[321, 137]"
4096,2048,0.9,0.3,0.00026894360780715937,True,69,-10,367,91,2,"[0.8, 0.2]","[367, 91]"
4096,2048,0.9,0.3,0.0003114864230155937,True,95,-10,114,114,4,"[0.25, 0.25, 0.25, 0.25]","[114, 114, 114, 114]"
4096,2048,0.9,0.3,0.00041814893484115313,True,87,-10,76,76,8,"[0.125, 0.125, 0.125, 0.125, 0.125, 0.125, 0.125, 0.125]","[76, 76, 76, 76, 76, 76, 76, 76]"
4096,2048,0.9,0.3,0.000558458268642425,True,69,-10,47,47,16,"[0.0625, 0.0625, 0.0625, 0.0625, 0.0625, 0.0625, 0.0625, 0.0625, 0.0625, 0.0625, 0.0625, 0.0625, 0.0625, 0.0625, 0.0625, 0.0625]","[47, 47, 47, 47, 47, 47, 47, 47, 47, 47, 47, 47, 47, 47, 47, 47]"
4096,2048,0.9,0.4,0.0002042055130004875,True,29,-10,159,159,2,"[0.5, 0.5]","[159, 159]"
4096,2048,0.9,0.4,0.0002068653702735875,True,25,-10,191,127,2,"[0.6, 0.4]","[191, 127]"
4096,2048,0.9,0.4,0.00020720809698104688,True,27,-10,223,95,2,"[0.7, 0.3]","[223, 95]"
4096,2048,0.9,0.4,0.0002062395215034469,True,26,-10,255,63,2,"[0.8, 0.2]","[255, 63]"
4096,2048,0.9,0.4,0.00023891776800155626,True,30,-10,79,79,4,"[0.25, 0.25, 0.25, 0.25]","[79, 79, 79, 79]"
4096,2048,0.9,0.4,0.0003229528665542594,True,21,-10,53,53,8,"[0.125, 0.125, 0.125, 0.125, 0.125, 0.125, 0.125, 0.125]","[53, 53, 53, 53, 53, 53, 53, 53]"
4096,2048,0.9,0.4,0.0007209256291389437,True,31,-10,33,33,16,"[0.0625, 0.0625, 0.0625, 0.0625, 0.0625, 0.0625, 0.0625, 0.0625, 0.0625, 0.0625, 0.0625, 0.0625, 0.0625, 0.0625, 0.0625, 0.0625]","[33, 33, 33, 33, 33, 33, 33, 33, 33, 33, 33, 33, 33, 33, 33, 33]"
4096,2048,0.9,0.5,0.00016725808382034063,True,13,-10,120,120,2,"[0.5, 0.5]","[120, 120]"
4096,2048,0.9,0.5,0.00016988813877105626,True,11,-10,144,96,2,"[0.6, 0.4]","[144, 96]"
4096,2048,0.9,0.5,0.00016589462757110314,True,9,-10,168,71,2,"[0.7, 0.3]","[168, 71]"
4096,2048,0.9,0.5,0.0001569166779518125,True,9,-10,192,48,2,"[0.8, 0.2]","[192, 48]"
4096,2048,0.9,0.5,0.0001980960369110094,True,14,-10,60,60,4,"[0.25, 0.25, 0.25, 0.25]","[60, 60, 60, 60]"
4096,2048,0.9,0.5,0.00027130544185638124,True,10,-10,40,40,8,"[0.125, 0.125, 0.125, 0.125, 0.125, 0.125, 0.125, 0.125]","[40, 40, 40, 40, 40, 40, 40, 40]"
4096,2048,0.9,0.5,0.000384189188480375,True,11,-10,25,25,16,"[0.0625, 0.0625, 0.0625, 0.0625, 0.0625, 0.0625, 0.0625, 0.0625, 0.0625, 0.0625, 0.0625, 0.0625, 0.0625, 0.0625, 0.0625, 0.0625]","[25, 25, 25, 25, 25, 25, 25, 25, 25, 25, 25, 25, 25, 25, 25, 25]"
4096,2048,0.9,0.6,0.00013963878154754376,True,3,-10,95,95,2,"[0.5, 0.5]","[95, 95]"
4096,2048,0.9,0.6,0.000138357281684875,True,9,-10,114,76,2,"[0.6, 0.4]","[114, 76]"
4096,2048,0.9,0.6,0.00013755261898040625,True,2,-10,133,57,2,"[0.7, 0.3]","[133, 57]"
4096,2048,0.9,0.6,0.0001349970698356625,True,3,-10,152,38,2,"[0.8, 0.2]","[152, 38]"
4096,2048,0.9,0.6,0.00017118453979492188,True,6,-10,47,47,4,"[0.25, 0.25, 0.25, 0.25]","[47, 47, 47, 47]"
4096,2048,0.9,0.6,0.00023122131824493126,True,5,-10,31,31,8,"[0.125, 0.125, 0.125, 0.125, 0.125, 0.125, 0.125, 0.125]","[31, 31, 31, 31, 31, 31, 31, 31]"
4096,2048,0.9,0.6,0.0003456398844718906,True,8,-10,19,19,16,"[0.0625, 0.0625, 0.0625, 0.0625, 0.0625, 0.0625, 0.0625, 0.0625, 0.0625, 0.0625, 0.0625, 0.0625, 0.0625, 0.0625, 0.0625, 0.0625]","[19, 19, 19, 19, 19, 19, 19, 19, 19, 19, 19, 19, 19, 19, 19, 19]"
4096,4096,0.9,0.2,0.0004370212554931625,True,360,-10,379,379,2,"[0.5, 0.5]","[379, 379]"
4096,4096,0.9,0.2,0.00043606758117675624,True,321,-10,455,303,2,"[0.6, 0.4]","[455, 303]"
4096,4096,0.9,0.2,0.00042758136987685935,True,324,-10,531,227,2,"[0.7, 0.3]","[531, 227]"
4096,4096,0.9,0.2,0.0004236400127410875,True,334,-10,607,151,2,"[0.8, 0.2]","[607, 151]"
4096,4096,0.9,0.2,0.0004703626036643969,True,335,-10,189,189,4,"[0.25, 0.25, 0.25, 0.25]","[189, 189, 189, 189]"
4096,4096,0.9,0.2,0.0005989372730255125,True,313,-10,126,126,8,"[0.125, 0.125, 0.125, 0.125, 0.125, 0.125, 0.125, 0.125]","[126, 126, 126, 126, 126, 126, 126, 126]"
4096,4096,0.9,0.2,0.0007812678813934312,True,322,-10,79,79,16,"[0.0625, 0.0625, 0.0625, 0.0625, 0.0625, 0.0625, 0.0625, 0.0625, 0.0625, 0.0625, 0.0625, 0.0625, 0.0625, 0.0625, 0.0625, 0.0625]","[79, 79, 79, 79, 79, 79, 79, 79, 79, 79, 79, 79, 79, 79, 79, 79]"
4096,4096,0.9,0.3,0.00028056651353835935,True,147,-10,229,229,2,"[0.5, 0.5]","[229, 229]"
4096,4096,0.9,0.3,0.0002813413739204406,True,140,-10,275,183,2,"[0.6, 0.4]","[275, 183]"
4096,4096,0.9,0.3,0.0002757981419563281,True,151,-10,321,137,2,"[0.7, 0.3]","[321, 137]"
4096,4096,0.9,0.3,0.00026815384626388436,True,136,-10,367,91,2,"[0.8, 0.2]","[367, 91]"
4096,4096,0.9,0.3,0.0003144890069961531,True,141,-10,114,114,4,"[0.25, 0.25, 0.25, 0.25]","[114, 114, 114, 114]"
4096,4096,0.9,0.3,0.0004179403185844406,True,119,-10,76,76,8,"[0.125, 0.125, 0.125, 0.125, 0.125, 0.125, 0.125, 0.125]","[76, 76, 76, 76, 76, 76, 76, 76]"
4096,4096,0.9,0.3,0.0005638003349304187,True,143,-10,47,47,16,"[0.0625, 0.0625, 0.0625, 0.0625, 0.0625, 0.0625, 0.0625, 0.0625, 0.0625, 0.0625, 0.0625, 0.0625, 0.0625, 0.0625, 0.0625, 0.0625]","[47, 47, 47, 47, 47, 47, 47, 47, 47, 47, 47, 47, 47, 47, 47, 47]"
4096,4096,0.9,0.4,0.00021249055862426563,True,56,-10,159,159,2,"[0.5, 0.5]","[159, 159]"
4096,4096,0.9,0.4,0.000208713114261625,True,62,-10,191,127,2,"[0.6, 0.4]","[191, 127]"
4096,4096,0.9,0.4,0.00020934641361236561,True,53,-10,223,95,2,"[0.7, 0.3]","[223, 95]"
4096,4096,0.9,0.4,0.00020826607942580938,True,46,-10,255,63,2,"[0.8, 0.2]","[255, 63]"
4096,4096,0.9,0.4,0.00023857504129409687,True,51,-10,79,79,4,"[0.25, 0.25, 0.25, 0.25]","[79, 79, 79, 79]"
4096,4096,0.9,0.4,0.000314436852931975,True,54,-10,53,53,8,"[0.125, 0.125, 0.125, 0.125, 0.125, 0.125, 0.125, 0.125]","[53, 53, 53, 53, 53, 53, 53, 53]"
4096,4096,0.9,0.4,0.000444501638412475,True,66,-10,33,33,16,"[0.0625, 0.0625, 0.0625, 0.0625, 0.0625, 0.0625, 0.0625, 0.0625, 0.0625, 0.0625, 0.0625, 0.0625, 0.0625, 0.0625, 0.0625, 0.0625]","[33, 33, 33, 33, 33, 33, 33, 33, 33, 33, 33, 33, 33, 33, 33, 33]"
4096,4096,0.9,0.5,0.0001600980758666969,True,19,-10,120,120,2,"[0.5, 0.5]","[120, 120]"
4096,4096,0.9,0.5,0.00016994029283523438,True,29,-10,144,96,2,"[0.6, 0.4]","[144, 96]"
4096,4096,0.9,0.5,0.00016725808382034063,True,23,-9,168,71,2,"[0.7, 0.3]","[168, 71]"
4096,4096,0.9,0.5,0.0001556426286697375,True,27,-10,192,48,2,"[0.8, 0.2]","[192, 48]"
4096,4096,0.9,0.5,0.00019127130508422814,True,28,-10,60,60,4,"[0.25, 0.25, 0.25, 0.25]","[60, 60, 60, 60]"
4096,4096,0.9,0.5,0.00026831030845641873,True,24,-10,40,40,8,"[0.125, 0.125, 0.125, 0.125, 0.125, 0.125, 0.125, 0.125]","[40, 40, 40, 40, 40, 40, 40, 40]"
4096,4096,0.9,0.5,0.00038965791463851875,True,16,-10,25,25,16,"[0.0625, 0.0625, 0.0625, 0.0625, 0.0625, 0.0625, 0.0625, 0.0625, 0.0625, 0.0625, 0.0625, 0.0625, 0.0625, 0.0625, 0.0625, 0.0625]","[25, 25, 25, 25, 25, 25, 25, 25, 25, 25, 25, 25, 25, 25, 25, 25]"
4096,4096,0.9,0.6,0.0001389682292938219,True,6,-10,95,95,2,"[0.5, 0.5]","[95, 95]"
4096,4096,0.9,0.6,0.00013270229101180938,True,11,-10,114,76,2,"[0.6, 0.4]","[114, 76]"
4096,4096,0.9,0.6,0.00013598054647445625,True,8,-8,133,57,2,"[0.7, 0.3]","[133, 57]"
4096,4096,0.9,0.6,0.0001308247447013844,True,3,-10,152,38,2,"[0.8, 0.2]","[152, 38]"
4096,4096,0.9,0.6,0.00017365068197250312,True,11,-9,47,47,4,"[0.25, 0.25, 0.25, 0.25]","[47, 47, 47, 47]"
4096,4096,0.9,0.6,0.00023772567510604688,True,9,-10,31,31,8,"[0.125, 0.125, 0.125, 0.125, 0.125, 0.125, 0.125, 0.125]","[31, 31, 31, 31, 31, 31, 31, 31]"
4096,4096,0.9,0.6,0.00033870339393615625,True,7,-10,19,19,16,"[0.0625, 0.0625, 0.0625, 0.0625, 0.0625, 0.0625, 0.0625, 0.0625, 0.0625, 0.0625, 0.0625, 0.0625, 0.0625, 0.0625, 0.0625, 0.0625]","[19, 19, 19, 19, 19, 19, 19, 19, 19, 19, 19, 19, 19, 19, 19, 19]"
